[
    {
        "id": 0,
        "type": "OPTION",
        "lines": 5,
        "line1": "Rock Crabs",
        "line2": "Experiments",
        "line3": "Yaks",
        "line4": "Bandits",
        "line5": "Next",
        "next": 1,
        "npcId": -1
    },
    {
        "id": 1,
        "type": "OPTION",
        "lines": 5,
        "line1": "Ghouls",
        "line2": "Chaos Druids",
        "line3": "Goblins",
        "line4": "Dust Devils",
        "line5": "Next",
        "next": 2,
        "npcId": -1
    },
    {
        "id": 2,
        "type": "OPTION",
        "lines": 5,
        "line1": "Chickens",
        "line2": "Monkey skeletons",
        "line3": "Monkey Guards",
        "line4": "Armoured Zombies",
        "line5": "Back",
        "next": -1,
        "npcId": -1
    },
    {
        "id": 3,
        "type": "OPTION",
        "lines": 2,
        "line1": "Shop I",
        "line2": "Shop II",
        "next": -1,
        "npcId": -1
    },
    {
        "id": 4,
        "type": "OPTION",
        "lines": 2,
        "line1": "Dismiss Familiar",
        "line2": "Cancel",
        "next": -1,
        "npcId": -1
    },
    {
        "id": 5,
        "type": "OPTION",
        "lines": 4,
        "line1": "I'd like to claim my purchased items",
        "line2": "I'd like to know how many funds I have in total",
        "line3": "I'd like to teleport to the Member's Zone",
        "line4": "Cancel",
        "next": -1,
        "npcId": -1
    },
    {
        "id": 6,
        "type": "OPTION",
        "lines": 3,
        "line1": "Member's Store I",
        "line2": "Member's Store II",
        "line3": "Cancel",
        "next": -1,
        "npcId": -1
    },
    {
        "id": 9,
        "type": "NPC_STATEMENT",
        "anim": "NORMAL",
        "lines": 2,
        "line1": "You do not have a bank PIN set.",
        "line2": "Would you like to set one?",
        "next": 10,
        "npcId": 494
    },
    {
        "id": 10,
        "type": "OPTION",
        "lines": 2,
        "line1": "Configure bank PIN.",
        "line2": "Cancel.",
        "next": -1,
        "npcId": -1
    },
    {
        "id": 11,
        "type": "NPC_STATEMENT",
        "anim": "NORMAL",
        "lines": 2,
        "line1": "You currently have a bank PIN set.",
        "line2": "Would you like to delete it?",
        "next": 12,
        "npcId": 494
    },
    {
        "id": 12,
        "type": "OPTION",
        "lines": 2,
        "line1": "Delete bank PIN.",
        "line2": "Cancel.",
        "next": -1,
        "npcId": -1
    },
    {
        "id": 13,
        "type": "OPTION",
        "lines": 4,
        "line1": "I'd like to view the Vote Rewards Store",
        "line2": "Browse Loyalty Titles",
        "line3": "Reset my Loyalty Title",
        "line4": "Cancel",
        "next": -1,
        "npcId": -1
    },
    {
        "id": 14,
        "type": "NPC_STATEMENT",
        "anim": "NORMAL",
        "lines": 2,
        "line1": "Lottery! Get your weekly ticket!",
        "line2": "One draw every week! Step up!",
        "next": 15,
        "npcId": 4249
    },
    {
        "id": 15,
        "type": "OPTION",
        "lines": 5,
        "line1": "Tell me more..",
        "line2": "I'd like to enter!",
        "line3": "How much is the pot at right now?",
        "line4": "Who won the lottery last week?",
        "line5": "Cancel",
        "next": -1,
        "npcId": -1
    },
    {
        "id": 16,
        "type": "NPC_STATEMENT",
        "anim": "NORMAL",
        "lines": 4,
        "line1": "It costs 1.000.000 coins to enter the lottery.",
        "line2": "Every Friday, one of the contesters will win a portion",
        "line3": "of the pot of gold and another lottery will begin. If",
        "line4": "you have any questions, feel free to ask other contesters.",
        "next": 15,
        "npcId": 4249
    },
    {
        "id": 17,
        "type": "NPC_STATEMENT",
        "anim": "NORMAL",
        "lines": 3,
        "line1": "You have already entered this week's",
        "line2": "lottery.",
        "line3": "The winner is announced every Friday.",
        "next": 15,
        "npcId": 4249
    },
    {
        "id": 18,
        "type": "NPC_STATEMENT",
        "anim": "NORMAL",
        "lines": 4,
        "line1": "You have entered this week's",
        "line2": "lottery.",
        "line3": "The winner is announced every Friday.",
        "line4": "Good luck!",
        "next": 15,
        "npcId": 4249
    },
    {
        "id": 19,
        "type": "OPTION",
        "lines": 5,
        "line1": "Sell Bounty Hunter Artifacts",
		"line2": "Buy PvP Sets",
		"line3": "Show PvP Stats",
        "line4": "Open Pk Points Store",
        "line5": "Cancel",
        "next": -1,
        "npcId": -1
    },
    {
        "id": 20,
        "type": "OPTION",
        "lines": 5,
        "line1": "View Live Scoreboard: Top Killstreaks",
        "line2": "View Live Scoreboard: Top Pkers (KDR)",
        "line3": "View Live Scoreboard: Top Total Exp",
        "line4": "View Live Scoreboard: Top Achiever",
		"line5": "Cancel",
        "next": -1,
        "npcId": -1
    },
    {
        "id": 21,
        "type": "OPTION",
        "lines": 5,
        "line1": "Edgeville Wilderness Ditch",
        "line2": "Edgeville West Dragons (Level 10 Wilderness)",
        "line3": "Chaos Altar (Level 13 Wilderness)",
        "line4": "Edgeville East Dragons (Level 23 Wilderness)",
        "line5": "Ghost Town - Revs (Level 60 Wilderness) [MULTI]",
        "next": -1,
        "npcId": -1
    },
    {
        "id": 22,
        "type": "OPTION",
        "lines": 5,
        "line1": "Edgeville Dungeon",
        "line2": "Slayer Tower",
        "line3": "Brimhaven Dungeon",
        "line4": "Taverly Dungeon",
        "line5": "Next Page",
        "next": 153,
        "npcId": -1
    },
    {
        "id": 23,
        "type": "OPTION",
        "lines": 4,
        "line1": "Godwars Dungeon",
        "line2": "Strykewyrm Cavern",
		"line3": "Ancient Cavern",
        "line4": "Previous Page",
        "next": -1,
        "npcId": -1
    },
    {
        "id": 24,
        "type": "OPTION",
        "lines": 3,
		"line1": "Talk about Prestiging",
      	"line2": "Purchase capes", 
        "line3": "Cancel",
        "next": -1,
        "npcId": -1
    },
    {
        "id": 199,
        "type": "OPTION",
        "lines": 5,
        "line1": "I'd like to buy a Veteran Cape (75m)",
        "line2": "I'd like to buy a Max Cape (50m)",
        "line3": "I'd like to buy a Completionist Cape (100m)",
        "line4": "I'd like to buy a 200m Cape (200m)",
        "line5": "Cancel",
        "next": -1,
        "npcId": -1
    },
    {
        "id": 25,
        "type": "OPTION",
        "lines": 5,
        "line1": "Warriors Guild",
        "line2": "Pest Control",
        "line3": "Duel Arena",
        "line4": "Barrows",
        "line5": "Next Page",
        "next": -1,
        "npcId": -1
    },
    {
        "id": 26,
        "type": "NPC_STATEMENT",
        "anim": "CALM",
        "lines": 2,
        "line1": "Your task is to defend the Void knight while",
        "line2": "closing all the portals. Good luck adventurer.",
        "next": -1,
        "npcId": 3782
    },
    {
        "id": 27,
        "type": "STATEMENT",
        "lines": 1,
        "line1": "You've found a hidden tunnel! Would you like to enter?",
        "next": 28,
        "npcId": -1
    },
    {
        "id": 28,
        "type": "OPTION",
        "lines": 2,
        "line1": "Enter",
        "line2": "Cancel",
        "next": -1,
        "npcId": -1
    },
    {
        "id": 29,
        "type": "NPC_STATEMENT",
        "anim": "NORMAL",
        "lines": 3,
        "line1": "Hello there.",
        "line2": "I have the ability to help you with your",
        "line3": "account settings. What would you like to do?",
        "next": 30,
        "npcId": 6139
    },
    {
        "id": 30,
        "type": "OPTION",
        "lines": 4,
        "line1": "Set bank-pin (used when attempting to open the bank)",
        "line2": "Change Gamemode",
        "line3": "Change Password",
        "line4": "Cancel",
        "next": -1,
        "npcId": -1
    },
    {
        "id": 31,
        "type": "NPC_STATEMENT",
        "anim": "NORMAL",
        "lines": 2,
        "line1": "You already have a bank-pin.",
        "line2": "Would you like to delete it?",
        "next": 32,
        "npcId": 6139
    },
    {
        "id": 32,
        "type": "OPTION",
        "lines": 4,
        "line1": "TzHaar Fight Cave",
        "line2": "TzHaar Fight Pit",
        "line3": "Graveyard Arena",
        "line4": "Previous Page",
        "next": -1,
        "npcId": -1
    },
    {
        "id": 33,
        "type": "OPTION",
        "lines": 3,
        "line1": "Teleport: Quest Location",
        "line2": "Open Quest Log",
        "line3": "Cancel",
        "next": -1,
        "npcId": -1
    },
    {
        "id": 34,
        "type": "OPTION",
        "lines": 3,
        "line1": "Mini Quests",
        "line2": "Minigames",
        "line3": "Cancel",
        "next": -1,
        "npcId": -1
    },
    {
        "id": 35,
        "type": "OPTION",
        "lines": 3,
        "line1": "Recipe For Disaster",
        "line2": "Nomad's Requeim",
        "line3": "Cancel",
        "next": -1,
        "npcId": -1
    },
    {
        "id": 36,
        "type": "NPC_STATEMENT",
        "anim": "NORMAL",
        "lines": 3,
        "line1": "Look out, here comes TzTok-Jad!",
        "line2": "You're on your own now JalYt, prepare to fight for",
        "line3": "your life!",
        "next": -1,
        "npcId": 2617
    },
    {
        "id": 37,
        "type": "NPC_STATEMENT",
        "anim": "NORMAL",
        "lines": 2,
        "line1": "You even defeated TzTok-Jad, I am most impressed!",
        "line2": "Please take this gift as a reward.",
        "next": -1,
        "npcId": 2617
    },
    {
        "id": 38,
        "type": "NPC_STATEMENT",
        "anim": "SAD",
        "lines": 4,
        "line1": "Please! You must help me, adventurer!",
        "line2": "The Culinaromancer is back!",
        "line3": "He's going to destroy Necrotic!",
        "line4": "Will you help defeat him?",
        "next": 44,
        "npcId": 3385
    },
    {
        "id": 39,
        "type": "PLAYER_STATEMENT",
        "anim": "PLAIN_TALKING",
        "lines": 1,
        "line1": "How do I defeat the Culinaromancer?",
        "next": 40,
        "npcId": -1
    },
    {
        "id": 40,
        "type": "NPC_STATEMENT",
        "anim": "PLAIN_TALKING",
        "lines": 2,
        "line1": "Enter the portal and gain the Culinaromancer's attention",
        "line2": "by defeating all his servants.",
        "next": 41,
        "npcId": 3385
    },
    {
        "id": 41,
        "type": "NPC_STATEMENT",
        "anim": "PLAIN_TALKING",
        "lines": 2,
        "line1": "Once you've defeated all of them, the Culinaromancer",
        "line2": "will probably fight you himself. You must slay him!",
        "next": 42,
        "npcId": 3385
    },
    {
        "id": 42,
        "type": "NPC_STATEMENT",
        "anim": "PLAIN_TALKING",
        "lines": 2,
        "line1": "Every servant that you defeat will unlock deeper access",
        "line2": "into the Culinaromancer's chest which is located next to me.",
        "next": 45,
        "npcId": 3385
    },
    {
        "id": 44,
        "type": "OPTION",
        "lines": 2,
        "line1": "Yes",
        "line2": "No, maybe later.",
        "next": -1,
        "npcId": -1
    },
    {
        "id": 45,
        "type": "NPC_STATEMENT",
        "anim": "NORMAL",
        "lines": 2,
        "line1": "Thank you for helping adventurer!",
        "line2": "I wish you the best of luck!",
        "next": -1,
        "npcId": 3385
    },
    {
        "id": 46,
        "type": "NPC_STATEMENT",
        "anim": "NORMAL",
        "lines": 3,
        "line1": "You did it!",
        "line2": "You defeated the Culinaromancer!",
        "line3": "Thank you so much!",
        "next": 47,
        "npcId": 3385
    },
    {
        "id": 47,
        "type": "NPC_STATEMENT",
        "anim": "NORMAL",
        "lines": 3,
        "line1": "Remember that you now have full access",
        "line2": "to the Culinaromancer's chest!",
        "line3": "It is that thing next to me.",
        "next": -1,
        "npcId": 3385
    },
    {
        "id": 48,
        "type": "NPC_STATEMENT",
        "anim": "NORMAL",
        "lines": 2,
        "line1": "Another adventurer!",
        "line2": "Tell me, have you come to defeat me?",
        "next": 49,
        "npcId": 8528
    },
    {
        "id": 49,
        "type": "OPTION",
        "lines": 2,
        "line1": "Yes, I have!",
        "line2": "Uhm.. No sir.",
        "next": -1,
        "npcId": -1
    },
    {
        "id": 50,
        "type": "NPC_STATEMENT",
        "anim": "CALM",
        "lines": 4,
        "line1": "Well then. I challenge you to a duel!",
        "line2": "If I manage to defeat you, I will keep your items.",
        "line3": "If you manage to defeat me, I will grant you access",
        "line4": "to my store. Do you wish to begin?",
        "next": 51,
        "npcId": 8528
    },
    {
        "id": 51,
        "type": "OPTION",
        "lines": 2,
        "line1": "No, not yet.",
        "line2": "Yes, let's go.",
        "next": -1,
        "npcId": -1
    },
    {
        "id": 53,
        "type": "NPC_STATEMENT",
        "anim": "NORMAL",
        "lines": 2,
        "line1": "You fought well.",
        "line2": "You have gained access to view my shop.",
        "next": -1,
        "npcId": 8528
    },
    {
        "id": 54,
        "type": "OPTION",
        "lines": 3,
        "line1": "Teleport: Puro Puro",
        "line2": "Teleport: Karamja - Trap area (Level 23 Hunter Required)",
        "line3": "Cancel",
        "next": -1,
        "npcId": -1
    },
    {
        "id": 55,
        "type": "OPTION",
        "lines": 4,
        "line1": "Teleport: Gnome Course",
        "line2": "Teleport: Barbarian Outpost Course (35 Agility)",
        "line3": "Teleport: Wilderness Course (55 Agility, 50 Wilderness)",
        "line4": "Cancel",
        "next": -1,
        "npcId": -1
    },
    {
        "id": 56,
        "type": "NPC_STATEMENT",
        "anim": "ANGRY",
        "lines": 2,
        "line1": "Hey you! Yes, you!",
        "line2": "Finish the whole course next time!",
        "next": -1,
        "npcId": 437
    },
    {
        "id": 57,
        "type": "NPC_STATEMENT",
        "anim": "NORMAL",
        "lines": 2,
        "line1": "Good job on completing the course!",
        "line2": "Take these tickets as reward.",
        "next": -1,
        "npcId": 437
    },
    {
        "id": 58,
        "type": "NPC_STATEMENT",
        "anim": "NORMAL",
        "lines": 2,
        "line1": "Keep going friend! You're doing great.",
        "line2": "Take these tickets as reward and motivation!",
        "next": -1,
        "npcId": 437
    },
    {
        "id": 59,
        "type": "NPC_STATEMENT",
        "anim": "NORMAL",
        "lines": 3,
        "line1": "Good job! ",
        "line2": "Moving through pipes and climbing trees is not easy!",
        "line3": "Take these tickets as reward!",
        "next": -1,
        "npcId": 437
    },
    {
        "id": 60,
        "type": "OPTION",
        "lines": 4,
        "line1": "Create a clan chat",
        "line2": "Edit my clan chat",
		"line3": "Delete my clan chat",
        "line4": "Cancel",
        "next": -1,
        "npcId": -1
    },
    {
        "id": 61,
        "type": "OPTION",
        "lines": 4,
        "line1": "Select Slayer Master",
        "line2": "Teleport to Slayer Master",
        "line3": "Teleport to Slayer Tower",
        "line4": "Cancel",
        "next": -1,
        "npcId": -1
    },
    {
        "id": 62,
        "type": "OPTION",
        "lines": 5,
        "line1": "Vannaka",
        "line2": "Duradel (Level 50 Slayer Required)",
        "line3": "Kuradel (Level 80 Slayer Required)",
        "line4": "Sumona (Level 92 Slayer Required)",
        "line5": "Cancel",
        "next": -1,
        "npcId": -1
    },
    {
        "id": 63,
        "type": "OPTION",
        "lines": 3,
        "line1": "Buy Shards (25 coins each)",
        "line2": "Sell Shards (25 coins each)",
        "line3": "Cancel",
        "next": -1,
        "npcId": -1
    },
    {
        "id": 64,
        "type": "OPTION",
        "lines": 4,
        "line1": "Teleport To The Gambling Area",
        "line2": "Talk About The Lottery",
        "line3": "View Gambler's Store",
        "line4": "Cancel",
        "next": -1,
        "npcId": -1
    },
    {
        "id": 65,
        "type": "OPTION",
        "lines": 5,
        "line1": "Godwars Dungeon",
        "line2": "Dagannoth Kings",
        "line3": "Frost Dragons",
        "line4": "Tormented Demons",
        "line5": "More",
        "next": -1,
        "npcId": -1
    },
    {
        "id": 66,
        "type": "OPTION",
        "lines": 5,
        "line1": "King Black Dragon",
        "line2": "Chaos Elemental",
        "line3": "Slash Bash",
        "line4": "Nomad",
        "line5": "More",
        "next": -1,
        "npcId": -1
    },
    {
        "id": 68,
        "type": "OPTION",
        "lines": 5,
        "line1": "Kalphite Queen",
        "line2": "Phoenix",
        "line3": "Bandos Avatar",
        "line4": "Glacors",
        "line5": "More",
        "next": -1,
        "npcId": -1
    },
    {
        "id": 69,
        "type": "OPTION",
        "lines": 3,
        "line1": "Corporeal Beast",
        "line2": "Nex",
        "line3": "Return",
        "next": -1,
        "npcId": -1
    },
    {
        "id": 70,
        "type": "NPC_STATEMENT",
        "anim": "SCARED",
        "lines": 4,
        "line1": "Warning! This teleport leads to a deep",
        "line2": "Wilderness level.",
        "line3": "You cannot teleport above level 20 Wilderness!",
        "line4": "Are you sure you wish to continue anyway?",
        "next": 71,
        "npcId": 1
    },
    {
        "id": 71,
        "type": "OPTION",
        "lines": 2,
        "line1": "Continue",
        "line2": "Cancel",
        "next": -1,
        "npcId": -1
    },
    {
        "id": 72,
        "type": "NPC_STATEMENT",
        "anim": "THINKING_STILL",
        "lines": 1,
        "line1": "Hmmm... Hold on..",
        "next": 72,
        "npcId": 7969
    },
    {
        "id": 73,
        "type": "NPC_STATEMENT",
        "anim": "SAD",
        "lines": 2,
        "line1": "Nope, sorry.",
        "line2": "I haven't heard of that item.",
        "next": -1,
        "npcId": 7969
    },
    {
        "id": 74,
        "type": "NPC_STATEMENT",
        "anim": "GOOFY_LAUGH",
        "lines": 2,
        "line1": "You're going to have to be far more",
        "line2": "specific than that!",
        "next": -1,
        "npcId": 7969
    },
    {
        "id": 75,
        "type": "OPTION",
        "lines": 4,
        "line1": "About the Well",
        "line2": "Look down Well",
        "line3": "Contribute to Well",
        "line4": "Cancel",
        "next": -1,
        "npcId": -1
    },
    {
        "id": 76,
        "type": "NPC_STATEMENT",
        "anim": "NORMAL",
        "lines": 4,
        "line1": "The Well of Goodwill, brought to us by",
        "line2": "Saradomin. It is said that the well can",
        "line3": "hold a hundred million coins, and that if it",
        "line4": "is filled, Saradomin will bless everyone with",
        "next": 77,
        "npcId": 802
    },
    {
        "id": 77,
        "type": "NPC_STATEMENT",
        "anim": "NORMAL",
        "lines": 4,
        "line1": "30% bonus experience for 2 hours.",
        "line2": "It is also said that those who contributed",
        "line3": "will be blessed even further, and receive",
        "line4": "bonus Loyalty points too, during these 2 hours.",
        "next": 75,
        "npcId": 802
    },
    {
        "id": 78,
        "type": "OPTION",
        "lines": 2,
        "line1": "Pick up flowers",
        "line2": "Leave flowers",
        "next": -1,
        "npcId": -1
    },
    {
        "id": 79,
        "type": "STATEMENT",
        "lines": 1,
        "line1": "Are you sure about this?",
        "next": 80,
        "npcId": -1
    },
    {
        "id": 80,
        "type": "OPTION",
        "lines": 2,
        "line1": "Continue",
        "line2": "Cancel",
        "next": -1,
        "npcId": -1
    },
    {
        "id": 81,
        "type": "NPC_STATEMENT",
        "anim": "NORMAL",
        "lines": 4,
        "line1": "Necrotic ran 2016-2017. Devs; Crimson & TwinkyRS (Kilik)",
        "line2": "RuneServer; Necrotic (Crimson) & TwinkyRS",
        "line3": "Shoutout Kevin, Higurashi, Sheldon, Mzxtt, Ned,",
        "line4": "Kyle, Sam, Shane, Adam, & everyone else who played! <3",
        "next": 82,
        "npcId": 2590
    },
    {
        "id": 82,
        "type": "OPTION",
        "lines": 4,
        "line1": "Normal",
        "line2": "Ironman",
        "line3": "Ultimate Ironman",
        "line4": "Information About The Modes",
        "next": -1,
        "npcId": -1
    },
    {
        "id": 83,
        "type": "NPC_STATEMENT",
        "anim": "SAD",
        "lines": 3,
        "line1": "I'm sorry, but right now only ironman-players",
        "line2": "can change their gamemode.",
        "line3": "You can always create a new account though!",
        "next": -1,
        "npcId": 6139
    },
    {
        "id": 84,
        "type": "NPC_STATEMENT",
        "anim": "THINKING_STILL",
        "lines": 3,
        "line1": "Are you sure you wish to do that?",
        "line2": "This change can NEVER be undone.",
        "line3": "You will keep all your existing progress.",
        "next": 85,
        "npcId": 6139
    },
    {
        "id": 85,
        "type": "OPTION",
        "lines": 2,
        "line1": "Yes",
        "line2": "No",
        "next": -1,
        "npcId": -1
    },
    {
        "id": 86,
        "type": "OPTION",
        "lines": 3,
        "line1": "Essence mine",
        "line2": "Ore mine",
        "line3": "Cancel",
        "next": -1,
        "npcId": -1
    },
    {
        "id": 87,
        "type": "OPTION",
        "lines": 3,
        "line1": "Mine Rune Essence",
        "line2": "Mine Pure Essence (level 21 Mining)",
        "line3": "Cancel",
        "next": -1,
        "npcId": -1
    },
    {
        "id": 88,
        "type": "OPTION",
        "lines": 5,
        "line1": "Edgeville",
        "line2": "Karamja",
        "line3": "Draynor Village",
        "line4": "Al Kharid",
        "line5": "Cancel",
        "next": -1,
        "npcId": -1
    },
    {
        "id": 89,
        "type": "OPTION",
        "lines": 3,
        "line1": "Teleport: Low-level Woodcutting",
        "line2": "Teleport: High-level Woodcutting (Level 60 Required)",
        "line3": "Cancel",
        "next": -1,
        "npcId": -1
    },
    {
        "id": 90,
        "type": "NPC_STATEMENT",
        "anim": "NORMAL",
        "lines": 2,
        "line1": "Welcome to my Graveyard, adventurer.",
		"line2": "I hope you will enjoy your stay.",
        "next": 91,
        "npcId": 3101
    },
    {
        "id": 91,
        "type": "PLAYER_STATEMENT",
        "anim": "THINKING_STILL",
        "lines": 2,
        "line1": "Thanks!",
		"line2": "Hmm.. Are those real zombies?",
        "next": 92
    },
    {
        "id": 92,
        "type": "NPC_STATEMENT",
        "anim": "NORMAL",
        "lines": 3,
        "line1": "Yes they are, sadly..",
		"line2": "These pesky zombies always make a mess of my yard.",
		"line3": "Iuff.",
        "next": 93,
        "npcId": 3101
    },
	{
        "id": 93,
        "type": "NPC_STATEMENT",
        "anim": "NORMAL",
        "lines": 4,
        "line1": "Iuff. I can make you a deal, adventurer.",
		"line2": "If you help me clear out all the zombies,",
		"line3": "I will reward you with fragments which you",
		"line4": "can use in my store to unlock great items.",
        "next": 94,
        "npcId": 3101
    },
	{
        "id": 94,
        "type": "NPC_STATEMENT",
        "anim": "NORMAL",
        "lines": 4,
        "line1": "I will make sure that each zombie you kill",
		"line2": "will drop one of these rare fragments.",
		"line3": "This way, your effort will not be a waste",
		"line4": "of time. What do you say, are you in?",
        "next": 95,
        "npcId": 3101
    },
	{
        "id": 95,
        "type": "STATEMENT",
        "lines": 1,
        "line1": "Would you like to start the Graveyard minigame?",
        "next": 96
    },
	{
        "id": 96,
        "type": "OPTION",
        "lines": 2,
        "line1": "Yes, zombies do not scare me!",
		"line2": "Cancel, abort mission, abort mission!",
        "next": -1
    },
	{
        "id": 97,
        "type": "NPC_STATEMENT",
        "anim": "NORMAL",
        "lines": 3,
        "line1": "I've cast a spell on the area.",
		"line2": "If you die, you will keep your items.",
		"line3": "Good luck, adventurer.",
        "next": 98,
        "npcId": 3101
    },
	{
        "id": 98,
        "type": "NPC_STATEMENT",
        "anim": "NORMAL",
        "lines": 1,
        "line1": "Iuff.",
        "next": -1,
        "npcId": 3101
    },
	{
        "id": 99,
        "type": "OPTION",
        "lines": 3,
        "line1": "Experience",
		"line2": "Equipment",
		"line3": "Cancel",
        "next": -1
    },
	{
        "id": 100,
        "type": "OPTION",
        "lines": 5,
        "line1": "Buy Pure Set @blu@(1.1M)",
		"line2": "Buy Melee Main Set @blu@(1.3M)",
		"line3": "Buy Range Main Set @blu@(1.5M)",
		"line4": "Buy Magic Main Set @blu@(1.6M)",
		"line5": "Buy Hybrid Main Set @blu@(2.3M)",
        "next": -1,
        "npcId": -1
    },
	{
        "id": 101,
        "type": "OPTION",
        "lines": 5,
        "line1": "Configure Gold Charms",
		"line2": "Configure Green Charms",
		"line3": "Configure Crimson Charms",
		"line4": "Configure Blue Charms",
		"line5": "Cancel",
        "next": -1,
        "npcId": -1
    },
	{
        "id": 102,
        "type": "OPTION",
        "lines": 3,
        "line1": "Automatically Pick-up All Charms",
		"line2": "Automatically Turn All Charms Into Exp",
		"line3": "Cancel",
        "next": -1
    },
	{
        "id": 103,
        "type": "OPTION",
        "lines": 4,
        "line1": "Create Slayer Duo Team",
		"line2": "Leave Slayer Duo Team",
		"line3": "Teleport to Partner",
        "line4": "Cancel",
        "next": -1
    },
	{
        "id": 104,
        "type": "NPC_STATEMENT",
        "anim": "NORMAL",
        "lines": 4,
        "line1": "Welcome to Daeomheim my friend! To start",
		"line2": "Dungeoneering you must first be in a party.",
		"line3": "A party can contain up to 5 members. Simply",
		"line4": "press on the 'Form Party' button to begin!",
        "next": -1,
        "npcId": 9713
    },
	{
        "id": 105,
        "type": "OPTION",
        "lines": 5,
        "line1": "Floor 1",
		"line2": "N/A",
		"line3": "N/A",
		"line4": "N/A",
		"line5": "Cancel",
        "next": -1
    },
	{
        "id": 106,
        "type": "OPTION",
        "lines": 5,
        "line1": "Complexity 1",
		"line2": "Complexity 2",
		"line3": "Complexity 3",
		"line4": "Complexity 4",
		"line5": "Cancel",
        "next": -1
    },
	{
        "id": 107,
        "type": "OPTION",
        "lines": 3,
        "line1": "Open Dungeoneering Store",
		"line2": "Start Dungeoneering",
		"line3": "Cancel",
		"next": -1
    },
	{
        "id": 108,
        "type": "OPTION",
        "lines": 3,
		"line1": "I want 10 minutes of 30% bonus experience!",
        "line2": "I want a Voting point!",
		"line3": "Cancel",
		"next": -1
    },
	{
        "id": 109,
        "type": "OPTION",
        "lines": 3,
		"line1": "I want 5 minutes of 10% bonus experience!",
        "line2": "I want 1 Voting point!",
		"line3": "Cancel",
		"next": -1
    },
	{
        "id": 110,
        "type": "NPC_STATEMENT",
        "anim": "NORMAL",
        "lines": 3,
        "line1": "Hey there!",
		"line2": "Gods will no longer take your items as tribute.",
        "line3": "Normal death mechanics apply!",
        "next": -1,
        "npcId": 6139
    },
	{
        "id": 111,
        "type": "NPC_STATEMENT",
        "anim": "NORMAL",
        "lines": 2,
        "line1": "You need to be in a Dungeoneering party to begin.",
		"line2": "Either join one or form your own.",
        "next": 107,
        "npcId": 9713
    },
	{
        "id": 112,
        "type": "NPC_STATEMENT",
        "anim": "NORMAL",
        "lines": 2,
        "line1": "You party has not selected which floor to explore.",
		"line2": "Come back once you have decided!",
        "next": 107,
        "npcId": 9713
    },
	{
        "id": 113,
        "type": "NPC_STATEMENT",
        "anim": "NORMAL",
        "lines": 3,
        "line1": "You party has not selected which complexity",
		"line2": "level they wish to explore the floor with.",
		"line3": "Come back once you have decided!",
        "next": 107,
        "npcId": 9713
    },
	{
        "id": 114,
        "type": "OPTION",
        "lines": 2,
		"line1": "Abandon Dungeon",
        "line2": "Cancel",
		"next": -1
    },
    {
        "id": 115,
        "type": "NPC_STATEMENT",
        "anim": "SCARED",
        "lines": 4,
        "line1": "Warning! The entire town has become infested with",
        "line2": "revenants. You also need to be warned that the whole",
        "line3": "town is a level @red@60 Wilderness multi-area@bla@.",
        "line4": "Are you sure you wish to enter anyway?",
        "next": 116,
        "npcId": 1
    },
	{
        "id": 116,
        "type": "OPTION",
        "lines": 2,
		"line1": "Enter Ghost Town",
        "line2": "Cancel",
		"next": -1
    },
    {
        "id": 117,
        "type": "PLAYER_STATEMENT",
        "anim": "PLAIN_TALKING",
        "lines": 1,
        "line1": "A ghost? What are you doing here?",
        "next": 118,
        "npcId": -1
    },
    {
        "id": 118,
        "type": "NPC_STATEMENT",
        "anim": "PLAIN_TALKING",
        "lines": 2,
        "line1": "Well, my home town has been overrun with revenants.",
        "line2": "So there is that.",
        "next": 119,
        "npcId": 457
    },
    {
        "id": 119,
        "type": "PLAYER_STATEMENT",
        "anim": "PLAIN_TALKING",
        "lines": 1,
        "line1": "Is there anything I can do to help?",
        "next": 120,
        "npcId": -1
    },
    {
        "id": 120,
        "type": "NPC_STATEMENT",
        "anim": "PLAIN_TALKING",
        "lines": 2,
        "line1": "I guess you could kill them all?",
        "line2": "I can take you there if you so wish.",
        "next": 121,
        "npcId": 457
    },
    {
        "id": 121,
        "type": "OPTION",
        "lines": 2,
		"line1": "Sure! Teleport Me To Ghost Town!",
		"line2": "No thanks. Ghosts aren't my thing.",
		"next": -1
    },
    {
        "id": 122,
        "type": "NPC_STATEMENT",
        "anim": "PLAIN_TALKING",
        "lines": 3,
        "line1": "I can see that you've become a veteran!",
        "line2": "Would you like the Veteran rank?",
		"line3": "Warning! It will reset your current rank.",
        "next": 123,
        "npcId": 605
    },
    {
        "id": 123,
        "type": "OPTION",
        "lines": 2,
		"line1": "Yes, sure!",
		"line2": "No thanks.",
		"next": -1
    },
    {
        "id": 124,
        "type": "NPC_STATEMENT",
        "anim": "PLAIN_TALKING",
        "lines": 4,
        "line1": "Once you've reached the maximum level in a skill,",
        "line2": "you can reset it to receive Prestige points.",
		"line3": "These points can be used in my store. You gain more",
		"line4": "points the more experience you have in the skill.",
        "next": 125,
        "npcId": 2579
    },
    {
        "id": 125,
        "type": "NPC_STATEMENT",
        "anim": "PLAIN_TALKING",
        "lines": 2,
        "line1": "You will also receive more points if you're an ironman",
        "line2": "or ultimate-ironman player.",
        "next": 126,
        "npcId": 2579
    },
    {
        "id": 126,
        "type": "OPTION",
        "lines": 2,
		"line1": "I'd like to prestige.",
		"line2": "No thanks.",
		"next": -1
    },
    {
        "id": 127,
        "type": "OPTION",
        "lines": 4,
		"line1": "I'd like to play Rise Of The Six.",
		"line2": "I'd like my Barrows progress reset please.",
		"line3": "I'd like to view your shop.",
		"line4": "Never mind.",
		"next": -1
    },
    {
        "id": 128,
        "type": "OPTION",
        "lines": 4,
		"line1": "I'd like to fight them with my clan!",
		"line2": "I'd like to fight them on my own!",
		"line3": "Please let me know how to play.",
		"line4": "Never mind, sorry.",
		"next": -1
    },
    {
        "id": 129,
        "type": "NPC_STATEMENT",
        "anim": "GLANCE_DOWN",
        "lines": 4,
        "line1": "Rise Of The Six is a minigame in which you",
		"line2": "fight all the Barrows brothers for as long",
		"line3": "as you can. The minigame can be played with",
		"line4": "clanchat members too.",
        "next": 130,
        "npcId": 1152
    },
    {
        "id": 130,
        "type": "NPC_STATEMENT",
        "anim": "GLANCE_DOWN",
        "lines": 4,
        "line1": "Each time a Barrows brother is killed, you",
		"line2": "you and your allies will receive 1 Barrows",
		"line3": "point. If you play the minigame on your own,",
		"line4": "you will receive 2 points per kill instead.",
        "next": 131,
        "npcId": 1152
    },
    {
        "id": 131,
        "type": "NPC_STATEMENT",
        "anim": "GLANCE_DOWN",
        "lines": 1,
        "line1": "Barrows points can be spent in my shop.",
        "next": 132,
        "npcId": 1152
    },
    {
        "id": 132,
        "type": "NPC_STATEMENT",
        "anim": "GLANCE_DOWN",
        "lines": 2,
        "line1": "Also, I must let you know that if you die,",
		"line2": "you will not be able to retrieve your items.",
        "next": 128,
        "npcId": 1152
    },
    {
        "id": 133,
        "type": "NPC_STATEMENT",
        "anim": "GLANCE_DOWN",
        "lines": 1,
        "line1": "There you go.",
        "next": -1,
        "npcId": 1152
    },
    {
        "id": 134,
        "type": "NPC_STATEMENT",
        "anim": "GLANCE_DOWN",
        "lines": 2,
        "line1": "Your clan has just started a Rise Of The Six",
		"line2": "game. Would you like to join them?",
        "next": 135,
        "npcId": 1152
    },
    {
        "id": 135,
        "type": "OPTION",
        "lines": 2,
		"line1": "Yes! Take me to them!",
		"line2": "No thanks.",
		"next": -1
    },
    {
        "id": 136,
        "type": "OPTION",
        "lines": 3,
        "line1": "Oldschool Bosses",
        "line2": "Modern Bosses",
		"line3": "Cancel",
        "next": -1,
        "npcId": -1
    },
    {
        "id": 137,
        "type": "OPTION",
        "lines": 4,
		"line1": "@bla@Callisto (@red@35 Wilderness, Multi@bla@)",
		"line2": "@bla@Vet'ion (@red@31 Wilderness, Multi@bla@)",
		"line3": "@bla@Venenatis (@red@27 Wilderness, Multi@bla@)",
		"line4": "More",
        "next": -1,
        "npcId": -1
    },
    {
        "id": 138,
        "type": "OPTION",
        "lines": 4,
        "line1": "Zulrah @red@- @mag@KEEP ITEMS ON DEATH",
        "line2": "Kraken @red@- @yel@Non-Wilderness",
		"line3": "Scorpia @red@- @yel@Non-Wilderness",
		"line4": "Cancel",
        "next": -1,
        "npcId": -1
    },
    {
        "id": 139,
        "type": "OPTION",
        "lines": 3,
        "line1": "Purchase House (5,000,000 coins)",
        "line2": "Open Construction Store",
		"line3": "Cancel",
        "next": -1,
        "npcId": -1
    },
    {
        "id": 140,
        "type": "OPTION",
        "lines": 4,
        "line1": "Enter House",
        "line2": "Enter House (Building Mode)",
		"line3": "Enter Friend's House",
		"line4": "Cancel",
        "next": -1,
        "npcId": -1
    },
    {
		"id": 141,
        "type": "OPTION",
        "lines": 5,
        "line1": "Teleport to Member Zone",
		"line2": "View Member Shop 1",
		"line3": "View Member Shop 2",
        "line4": "View Member Shop 3",
		"line5": "Nevermind",
		"next": -1
    },
    {
        "id": 142,
        "type": "NPC_STATEMENT",
        "anim": "PLAIN_TALKING",
        "lines": 4,
        "line1": "You can purchase a scroll by using ::store",
        "line2": "After purchasing a scroll you will be able to",
        "line3": "unlock membership features. The value of the scroll",
        "line4": "will be added to your balance.",
        "next": 143, 
        "npcId": 3777
    },
	{
        "id": 143,
        "type": "NPC_STATEMENT",
        "anim": "PLAIN_TALKING",
        "lines": 4,
        "line1": "A one-time purchase of $10 will unlock",
        "line2": "All of the benefits for Members. This $10.",
        "line3": "Including the exclusive Member zone.",
        "line4": "And a large variety of benefits across the game..",
        "next": 141,
        "npcId": 3777
    },
    {
        "id": 144,
        "type": "PLAYER_STATEMENT",
        "anim": "PLAIN_TALKING",
        "lines": 1,
        "line1": "Hello, what are you doing here?",
        "next": 145,
        "npcId": -1    
    },
    {
        "id": 145,
        "type": "NPC_STATEMENT",
        "anim": "PLAIN_TALKING",
        "lines": 2,
        "line1": "Psst... Got any Trio Tokens?",
        "line2": "If you do... I'll take 'em off your hands.",
        "next": 146,
        "npcId": 13459
    },
    {
 		"id": 146,
        "type": "OPTION",
        "lines": 3,
        "line1": "Uhh... What are Trio Tokens?",
		"line2": "Take my tokens, I know what they're for.",
		"line3": "Nevermind.",
		"next": -1
    },
    {
        "id": 147,
        "type": "NPC_STATEMENT",
        "anim": "PLAIN_TALKING",
        "lines": 4,
        "line1": "Trade me your trio tokens for access to a",
        "line2": "room with some wicked strong bosses...",
        "line3": "They drop many rare items. I charge a one token fee to enter,",
        "line4": "then a token per minute you spend in the cavern.",
        "next": 149,
        "npcId": 13459
    },
    {
     	"id": 148,
        "type": "OPTION",
        "lines": 2,
        "line1": "Sounds great! Take my coin, I'm ready.",
		"line2": "Nevermind, I'm too scared!",
		"next": -1
    },
    {
        "id": 149,
        "type": "NPC_STATEMENT",
        "anim": "PLAIN_TALKING",
        "lines": 3,
        "line1": "But be warned... These bosses are a force",
        "line2": "to be reckoned with. They hit HARD, and you",
        "line3": "will be unable to retrieve your items if you die.",
        "next": 148,
        "npcId": 13459
    },
    {
        "id": 150,
        "type": "OPTION",
        "lines": 5,
        "line1": "Al Kharid",
        "line2": "Ardougne",
        "line3": "Camelot",
        "line4": "Canifis",
        "line5": "Next page",
        "next":  151,
        "npcId": -1
    },
    {
        "id": 151,
        "type": "OPTION",
        "lines": 5,
        "line1": "Draynor",
        "line2": "Edgeville",
        "line3": "Falador",
        "line4": "Home",
        "line5": "Next page",
        "next":  152,
        "npcId": -1
    },
    {
        "id": 152,
        "type": "OPTION",
        "lines": 5,
        "line1": "Varrock",
        "line2": "Karamja",
        "line3": "Lumbridge",
        "line4": "Yanille",
        "line5": "Previous page",
        "next":  150,
        "npcId": -1
    },
    {
        "id": 153,
        "type": "OPTION",
        "lines": 5,
        "line1": "Godwars Dungeon",
        "line2": "Stykewyrm Cavern",
        "line3": "Ancient Cavern",
        "line4": "Chaos Tunnels",
        "line5": "Previous page",
        "next":  22,
        "npcId": -1
    },
    {
        "id": 154,
        "type": "OPTION",
        "lines": 2,
        "line1": "Climb up the stairs.",
        "line2": "Climb down the stairs.",
        "next": -1,
        "npcId": -1
    },
    {
        "id": 155,
        "type": "NPC_STATEMENT",
        "anim": "PLAIN_TALKING",
        "lines": 2,
        "line1": "Hello there, you're a long way from home.",
        "line2": "What's your name?",
        "next": 156,
        "npcId": 2238
    },
    {
        "id": 156,
        "type": "PLAYER_STATEMENT",
        "anim": "UNSURE",
        "lines": 1,
        "line1": "Uhh... you want my name?",
        "next": 157,
        "npcId": -1
    },
    {
        "id": 157,
        "type": "NPC_STATEMENT",
        "anim": "PLAIN_TALKING",
        "lines": 1,
        "line1": "Yeah. Sure.",
        "next": 158,
        "npcId": 2238
    },
    {
        "id": 158,
        "type": "PLAYER_STATEMENT",
        "anim": "GOOFY_LAUGH",
        "lines": 2,
        "line1": "It's...",
        "line2": "Hugh Mungus.",
        "next": 159,
        "npcId": -1
    },
    {
        "id": 159,
        "type": "NPC_STATEMENT",
        "anim": "MIDLY_ANGRY",
        "lines": 1,
        "line1": "Ah, okay. Hugh Mungus wot?",
        "next": 160,
        "npcId": 2238
    },
    {
        "id": 160,
        "type": "PLAYER_STATEMENT",
        "anim": "GOOFY_LAUGH",
        "lines": 2,
        "line1": "It's Hugh-Mungus.",
        "line2": "Hugh Mungus!",
        "next": 161,
        "npcId": -1
    },
    {
        "id": 161,
        "type": "NPC_STATEMENT",
        "anim": "ANGRY",
        "lines": 4,
        "line1": "Hugh Mungus wot?",
        "line2": "Hugh Mungus what??",
        "line3": "Hugh Mungus WHAT!?",
        "line4": "HUGH MUNGUS WHAT?!?!",
        "next": 162,
        "npcId": 2238
    },
    {
        "id": 162,
        "type": "PLAYER_STATEMENT",
        "anim": "GOOFY_LAUGH",
        "lines": 3,
        "line1": "Hugh Mungus!",
        "line2": "That's what it is.",
        "line3": "Hugh Mungus. It's Hugh Mungus.",
        "next": 163,
        "npcId": -1
    },
    {
        "id": 163,
        "type": "NPC_STATEMENT",
        "anim": "VERY_ANGRY",
        "lines": 4,
        "line1": "Why would you say that to me?",
        "line2": "Wot? Hugh Mungus what?!",
        "line3": "WOT? HUGH MUNGUS WHAT!?!?",
        "line4": "WHY WOULD YOU SAY THAT TO ME?!?!",
        "next": 164,
        "npcId": 2238
    },
    {
        "id": 164,
        "type": "PLAYER_STATEMENT",
        "anim": "LOOK_DOWN",
        "lines": 1,
        "line1": "Uh... Time to go!",
        "next": -1,
        "npcId": -1
    },
    {
        "id": 165,
        "type": "NPC_STATEMENT",
        "anim": "MIDLY_ANGRY",
        "lines": 2,
        "line1": "What the hell do you want?",
        "line2": "Damn adventurers think they're special.",
        "next": 166,
        "npcId": 1
    },
    {
        "id": 166,
        "type": "PLAYER_STATEMENT",
        "anim": "MIDLY_ANGRY",
        "lines": 2,
        "line1": "I could kill you with my bare hands.",
        "line2": "Don't tempt me.",
        "next": -1,
        "npcId": -1
    },
    {
        "id": 167,
        "type": "PLAYER_STATEMENT",
        "anim": "MIDLY_ANGRY",
        "lines": 1,
        "line1": "MY NAME IS HUGH MUNGUS.",
        "next": 168,
        "npcId": -1
    },
    {
        "id": 168,
        "type": "NPC_STATEMENT",
        "anim": "CONFUSED",
        "lines": 1,
        "line1": "Wot?",
        "next": -1,
        "npcId": 5
    },
	{
        "id": 169,
        "type": "NPC_STATEMENT",
        "anim": "UNSURE",
        "lines": 4,
        "line1": "Adventurer, I'm having some trouble.",
        "line2": "My sleigh has run out of power!",
        "line3": "If I can't get this sleigh to fly,",
        "line4": "Christmas as we know it could be over!",
        "next": 170,
        "npcId": 1552
    },
	{
        "id": 170,
        "type": "PLAYER_STATEMENT",
        "anim": "SAD",
        "lines": 2,
        "line1": "No Christmas? What about my presents?",
		"line2": "Tell me what I can do to help.",
        "next": 171,
        "npcId": -1
    },
	{
        "id": 171,
        "type": "NPC_STATEMENT",
        "anim": "NORMAL",
        "lines": 4,
        "line1": "The secret to flight is my Reindeer.",
        "line2": "Unfortunately, the cold is affecting",
        "line3": "their ability to use magic.",
        "line4": "Try asking explorer jack at home for help.",
        "next": 172,
        "npcId": 1552
    },
	{
        "id": 172,
        "type": "OPTION",
        "lines": 2,
        "line1": "Agree to help Santa",
        "line2": "Don't help Santa",
        "next": -1,
        "npcId": -1
    },
	{
        "id": 173,
        "type": "OPTION",
        "lines": 2,
        "line1": "Talk about the Christmas 2016 event.",
        "line2": "Browse the shop.",
        "next": -1,
        "npcId": -1
    },
	{
        "id": 174,
        "type": "NPC_STATEMENT",
        "anim": "NORMAL",
        "lines": 2,
        "line1": "Hello, adventurer!",
        "line2": "What can I do for you?",
        "next": 175,
        "npcId": 7969
    },
	{
        "id": 175,
        "type": "PLAYER_STATEMENT",
        "anim": "NORMAL",
        "lines": 3,
        "line1": "Santa's sleigh is stuck. I'm helping him.",
		"line2": "He said his Reindeer were the secret to flight.",
		"line3": "And that you might be able to help me.",
        "next": 176,
        "npcId": -1
    },
	{
        "id": 176,
        "type": "NPC_STATEMENT",
        "anim": "LISTEN_LAUGH",
        "lines": 4,
        "line1": "Oh yes, Santa and I have had a few adventures together.",
        "line2": "Reindeer magic is a fragile thing. The smallest fluxuation",
        "line3": "can easily hinder their ability to use magic.",
        "line4": "Fortunately, the process of restoring them is simple.",
        "next": 177,
        "npcId": 7969
    },
	{
        "id": 177,
        "type": "NPC_STATEMENT",
        "anim": "GOOFY_LAUGH",
        "lines": 4,
        "line1": "Bring 100 law, cosmic, and nature runes to the Reindeer.",
        "line2": "You'll also need a Wizard's Mind Bomb.",
        "line3": "The Wizard's Mind Bomb is for Santa, you can get one from",
        "line4": "the Trader Crewmembers, at the docks to the South.",
        "next": 179,
        "npcId": 7969
    },
	{
        "id": 178,
        "type": "OPTION",
        "lines": 2,
        "line1": "Ask about chartering a ship.",
        "line2": "Browse the Trader's shop.",
        "next": -1,
        "npcId": -1
    },
	{
        "id": 179,
        "type": "NPC_STATEMENT",
        "anim": "GOOFY_LAUGH",
        "lines": 2,
        "line1": "Just make sure you use the items on the Reindeer,",
        "line2": "and everything will be fine.",
        "next": 180,
        "npcId": 7969
    },
	{
        "id": 180,
        "type": "OPTION",
        "lines": 2,
        "line1": "Agree to bring the items to the Reindeer.",
        "line2": "Cancel.",
        "next": -1,
        "npcId": -1
    },
	{
        "id": 181,
        "type": "NPC_STATEMENT",
        "anim": "NORMAL",
        "lines": 4,
        "line1": "So, Jack has you searching for some items.",
        "line2": "I'm sure that will help my situation, adventurer.",
        "line3": "Once you have the runes, use them on my Reindeer.",
        "line4": "After that, you can use the Mind Bomb on me.",
        "next": -1,
        "npcId": 1552
    },
	{
        "id": 182,
        "type": "NPC_STATEMENT",
        "anim": "NORMAL",
        "lines": 2,
        "line1": "After you give the runes to the Reindeer,",
        "line2": "bring me a Wizard's mind bomb.",
        "next": -1,
        "npcId": 1552
    },
	{
        "id": 183,
        "type": "NPC_STATEMENT",
        "anim": "NORMAL",
        "lines": 2,
        "line1": "Thank you for giving the runes to my Reindeer.",
        "line2": "Please hand me the Wizard's Mind Bomb.",
        "next": -1,
        "npcId": 1552
    },
	{
        "id": 184,
        "type": "NPC_STATEMENT",
        "anim": "NORMAL",
        "lines": 3,
        "line1": "Adventurer! Thank you for all of your help!",
        "line2": "My Reindeer have regained their magic ability,",
		"line3": "and I got a tasty beverage.",
        "next": 185,
        "npcId": 1552
    },
	{
        "id": 185,
        "type": "PLAYER_STATEMENT",
        "anim": "CONFUSED",
        "lines": 1,
        "line1": "The Wizard's Mind Bomb wasn't essential?",
        "next": 186,
        "npcId": -1
    },
	{
        "id": 186,
        "type": "NPC_STATEMENT",
        "anim": "GOOFY_LAUGH",
        "lines": 4,
        "line1": "Of course it was! I forgot my wallet, otherwise",
        "line2": "I would have visited Starbucks, as usual.",
		"line3": "Regardless, you've been a big help.",
		"line4": "And I'd like to offer you a special gift for your efforts.",
        "next": 187,
        "npcId": 1552
    },
	{
        "id": 187,
        "type": "OPTION",
        "lines": 2,
        "line1": "Accept",
        "line2": "Decline",
        "next": -1,
        "npcId": -1
    },
	{
        "id": 188,
        "type": "NPC_STATEMENT",
        "anim": "GOOFY_LAUGH",
        "lines": 2,
        "line1": "Thanks for helping me, enjoy your gift.",
        "line2": "Explorer Jack has extra incase you lose it.",
        "next": -1,
        "npcId": 1552
    },
	{
        "id": 189,
        "type": "NPC_STATEMENT",
        "anim": "GOOFY_LAUGH",
        "lines": 3,
        "line1": "Happy 2017, explorer.",
        "line2": "Necrotic has some great things coming this year.",
		"line3": "How would you like a present?",
        "next": 187,
        "npcId": 659
    },
	{
        "id": 190,
        "type": "PLAYER_STATEMENT",
        "anim": "GOOFY_LAUGH",
        "lines": 1,
        "line1": "Happy 2017, Pete! I'm looking forward to it.",
        "next": 191,
        "npcId": -1
    },
	{
        "id": 191,
        "type": "NPC_STATEMENT",
        "anim": "GOOFY_LAUGH",
        "lines": 2,
        "line1": "Always happy to celebrate. Enjoy yourself!",
		"line2": "If you lose your gift, Diango can replace it.",
        "next": -1,
        "npcId": 659
    },
	{
        "id": 192,
        "type": "NPC_STATEMENT",
        "anim": "NORMAL",
        "lines": 3,
        "line1": "Let me explain how you can Dungeoneer.",
        "line2": "I will store up to 39 stacks of gear for you.",
		"line3": "Then you will be able to join a dungeon.",
        "next": 193,
        "npcId": 5382
    },
	{
        "id": 193,
        "type": "NPC_STATEMENT",
        "anim": "NORMAL",
        "lines": 4,
        "line1": "Once you are finish, you can take your gear back.",
        "line2": "If you don't take ALL of your gear,",
		"line3": "you won't gain any EXP or be able to attack.",
        "line4": "So make sure you re-claim your items.",
		"next": 194,
        "npcId": 5382
    },
	{
        "id": 194,
        "type": "NPC_STATEMENT",
        "anim": "NORMAL",
        "lines": 1,
        "line1": "You can right-click on me to store or retrieve gear.",
		"next": -1,
        "npcId": 5382
    },
	{
        "id": 195,
        "type": "NPC_STATEMENT",
        "anim": "NORMAL",
        "lines": 1,
        "line1": "Sorry, I can only help Ultimate Iron players.",
        "next": -1,
        "npcId": 5382
    },
	{
        "id": 196,
        "type": "OPTION",
        "lines": 3,
        "line1": "Duel Arena",
        "line2": "Castle Wars",
        "line3": "Cancel",
        "next": -1,
        "npcId": -1
    },
	{
        "id": 197,
        "type": "OPTION",
        "lines": 3,
        "line1": "Burthorpe Games Room",
        "line2": "Barbarian Agility Course",
        "line3": "Cancel",
        "next": -1,
        "npcId": -1
    },
	{
        "id": 198,
        "type": "OPTION",
        "lines": 2,
        "line1": "Digsite Exam Center",
        "line2": "Cancel",
        "next": -1,
        "npcId": -1
    },
	{
        "id": 200,
        "type": "PLAYER_STATEMENT",
        "anim": "CONFUSED",
        "lines": 1,
        "line1": "Hey there. What are you up to?",
        "next": 201,
        "npcId": -1
    },
	{
        "id": 201,
        "type": "NPC_STATEMENT",
        "anim": "SCARED",
        "lines": 1,
        "line1": "...",
        "next": -1,
        "npcId": 1872
    },
	{
        "id": 202,
        "type": "OPTION",
        "lines": 5,
        "line1": "Configure Gold Charms",
		"line2": "Configure Green Charms",
		"line3": "Configure Crimson Charms",
		"line4": "Configure Blue Charms",
		"line5": "Toggle Bonecrusher",
        "next": -1,
        "npcId": -1
    },
    {
        "id": 203,
        "type": "PLAYER_STATEMENT",
        "anim": "CONFUSED",
        "lines": 1,
        "line1": "Hey are you okay?",
        "next": 204,
        "npcId": -1
    },
    {
        "id": 204,
        "type": "NPC_STATEMENT",
        "anim": "SAD",
        "lines": 2,
        "line1": "No, I'm not - I really need help.",
        "line2": "Could you help me please?",
        "next": 205,
        "npcId": 1835
    },
    {
        "id": 205,
        "type": "PLAYER_STATEMENT",
        "anim": "NORMAL",
        "lines": 1,
        "line1": "Hmm... I don't know I'm really busy.",
        "next": 206
    },
    {
        "id": 206,
        "type": "NPC_STATEMENT",
        "anim": "NORMAL",
        "lines": 3,
        "line1": "Please let me explain what happened... ",
        "line2": "My son thought it would be funny to hide some easter eggs.",
        "line3": "It's some kind of April fools gag. He even made clues!",
        "next": 207,
        "npcId": 1835
    },
    {
        "id": 207,
        "type": "PLAYER_STATEMENT",
        "anim": "NORMAL",
        "lines": 1,
        "line1": "Hmm...",
        "next": 210
    },
    {
        "id": 208,
        "type": "PLAYER_STATEMENT",
        "anim": "NORMAL",
        "lines": 1,
        "line1": "That was annoying to do, but I found them all..",
        "next": 209
    },
    {
        "id": 209,
        "type": "NPC_STATEMENT",
        "anim": "NORMAL",
        "lines": 2,
        "line1": "Thank you so much! Please take this as a reward!",
        "line2": "Keep the eggs you found as well, adventurer.",
        "next": 211,
        "npcId": 1835
    },
    {
        "id": 210,
        "type": "OPTION",
        "lines": 2,
        "line1": "Agree to help the Easter Bunny.",
        "line2": "Disregard the poor bunny.",
        "next": -1,
        "npcId": -1
    },
	{
        "id": 211,
        "type": "OPTION",
        "lines": 2,
        "line1": "Claim rewards.",
        "line2": "Leave empty handed.",
        "next": -1,
        "npcId": -1
    },
    {
        "id": 212,
        "type": "OPTION",
        "lines": 2,
        "line1": "Teleport to Slayer Masters.",
        "line2": "Open Kill Tracker.",
        "next": -1,
        "npcId": -1
    }
]