[
	{
       "id": 0,
       "name": "Runes Store",
       "items": [
        {
          "id": 556,
          "amount": 2000000000
        },
		{
          "id": 558,
          "amount": 2000000000
        },
		{
          "id": 555,
          "amount": 2000000000
        },
		{
          "id": 554,
          "amount": 2000000000
        },
		{
          "id": 557,
          "amount": 2000000000
        },
		{
          "id": 559,
          "amount": 2000000000
        },
		{
          "id": 564,
          "amount": 2000000000
        },
		{
          "id": 562,
          "amount": 2000000000
        },
		{
          "id": 566,
          "amount": 2000000000
        },
		{
          "id": 9075,
          "amount": 2000000000
        },
		{
          "id": 563,
          "amount": 2000000000
        },
		{
          "id": 561,
          "amount": 2000000000
        },
		{
          "id": 560,
          "amount": 2000000000
        },
        {
          "id": 4698,
          "amount": 2000000000
        },
		{
          "id": 565,
          "amount": 2000000000
        }
       ],
       "currency": 995
    },
    {
       "id": 54,
       "name": "OLD MEMBER STORE",
       "items": [
        {
          "id": 22052,
          "amount": 2000000000
        },
		{
          "id": 12790,
          "amount": 2000000000
        },
        {
          "id": 12093,
          "amount": 2000000000
        },
        {
          "id": 13262,
          "amount": 2000000000
        },
        {
          "id": 8850,
          "amount": 2000000000
        },
        {
          "id": 8849,
          "amount": 2000000000
        },
        {
          "id": 6570,
          "amount": 2000000000
        },
        {
          "id": 10551,
          "amount": 2000000000
        },
        {
          "id": 10555,
          "amount": 2000000000
        },
        {
          "id": 10553,
          "amount": 2000000000
        },
        {
          "id": 10552,
          "amount": 2000000000
        },
        {
          "id": 15620,
          "amount": 2000000000
        },
        {
          "id": 15618,
          "amount": 2000000000
        },
        {
          "id": 15622,
          "amount": 2000000000
        },
        {
          "id": 15614,
          "amount": 2000000000
        },
        {
          "id": 15612,
          "amount": 2000000000
        },
        {
          "id": 15616,
          "amount": 2000000000
        },
		{
          "id": 5514,
          "amount": 2000000000
        },
		{
          "id": 5512,
          "amount": 2000000000
        },
		{
          "id": 5510,
          "amount": 2000000000
        },
		{
          "id": 5509,
          "amount": 2000000000
        }		
       ],
       "currency": 995
    },
	{
       "id": 1,
       "name": "Magic Equipment Store",
       "items": [
        {
          "id": 1381,
          "amount": 2000000000
        },
		{
          "id": 1383,
          "amount": 2000000000
        },
		{
          "id": 1385,
          "amount": 2000000000
        },
		{
          "id": 1387,
          "amount": 2000000000
        },
		{
          "id": 4675,
          "amount": 2000000000
        },
		{
          "id": 6914,
          "amount": 2000000000
        },
		{
          "id": 6889,
          "amount": 2000000000
        },
		{
          "id": 6918,
          "amount": 2000000000
        },
		{
          "id": 6916,
          "amount": 2000000000
        },
		{
          "id": 6924,
          "amount": 2000000000
        },
		{
          "id": 6922,
          "amount": 2000000000
        },
		{
          "id": 6920,
          "amount": 2000000000
        },
		{
          "id": 4089,
          "amount": 2000000000
        },
		{
          "id": 4091,
          "amount": 2000000000
        },
		{
          "id": 4093,
          "amount": 2000000000
        },
		{
          "id": 4095,
          "amount": 2000000000
        },
		{
          "id": 4097,
          "amount": 2000000000
        },
		{
          "id": 4099,
          "amount": 2000000000
        },
		{
          "id": 4101,
          "amount": 2000000000
        },
		{
          "id": 4103,
          "amount": 2000000000
        },
		{
          "id": 4105,
          "amount": 2000000000
        },
		{
          "id": 4107,
          "amount": 2000000000
        },
		{
          "id": 4109,
          "amount": 2000000000
        },
		{
          "id": 4111,
          "amount": 2000000000
        },
		{
          "id": 4113,
          "amount": 2000000000
        },
		{
          "id": 4115,
          "amount": 2000000000
        },
		{
          "id": 4117,
          "amount": 2000000000
        },
		{
          "id": 14499,
          "amount": 2000000000
        },
		{
          "id": 14497,
          "amount": 2000000000
        },
		{
          "id": 14501,
          "amount": 2000000000
        },
		{
          "id": 7400,
          "amount": 2000000000
        },
		{
          "id": 7399,
          "amount": 2000000000
        },
		{
          "id": 7398,
          "amount": 2000000000
        },
		{
          "id": 2412,
          "amount": 2000000000
        },
		{
          "id": 2413,
          "amount": 2000000000
        },
		{
          "id": 2414,
          "amount": 2000000000
        }
       ],
       "currency": 995
    },
	{
       "id": 2,
       "name": "Ammunition Store",
       "items": [
        {
          "id": 882,
          "amount": 2000000000
        },
		{
          "id": 884,
          "amount": 2000000000
        },
		{
          "id": 886,
          "amount": 2000000000
        },
		{
          "id": 888,
          "amount": 2000000000
        },
		{
          "id": 890,
          "amount": 2000000000
        },
		{
          "id": 892,
          "amount": 2000000000
        },
		{
          "id": 11212,
          "amount": 2000000000
        },
		{
          "id": 810,
          "amount": 2000000000
        },
		{
          "id": 811,
          "amount": 2000000000
        },
		{
          "id": 11230,
          "amount": 2000000000
        },
		{
          "id": 877,
          "amount": 2000000000
        },
		{
          "id": 9140,
          "amount": 2000000000
        },
		{
          "id": 9141,
          "amount": 2000000000
        },
		{
          "id": 9142,
          "amount": 2000000000
        },
		{
          "id": 9143,
          "amount": 2000000000
        },
		{
          "id": 9144,
          "amount": 2000000000
        },
		{
          "id": 9240,
          "amount": 2000000000
        },
		{
          "id": 9241,
          "amount": 2000000000
        },
		{
          "id": 9242,
          "amount": 2000000000
        },
		{
          "id": 9243,
          "amount": 2000000000
        },
		{
          "id": 9341,
          "amount": 2000000000
        },
		{
          "id": 9244,
          "amount": 2000000000
        },
		{
          "id": 9245,
          "amount": 2000000000
        },
		{
          "id": 864,
          "amount": 2000000000
        },
		{
          "id": 863,
          "amount": 2000000000
        },
		{
          "id": 865,
          "amount": 2000000000
        },
		{
          "id": 866,
          "amount": 2000000000
        },
		{
          "id": 867,
          "amount": 2000000000
        },
		{
          "id": 868,
          "amount": 2000000000
        },
        {
          "id": 2,
          "amount": 2000000000
        }
       ],
       "currency": 995
    },
	{
       "id": 3,
       "name": "Ranged Equipment Store",
       "items": [
        {
          "id": 10499,
          "amount": 2000000000
        },
		{
          "id": 845,
          "amount": 2000000000
        },
		{
          "id": 847,
          "amount": 2000000000
        },
		{
          "id": 851,
          "amount": 2000000000
        },
		{
          "id": 855,
          "amount": 2000000000
        },
		{
          "id": 859,
          "amount": 2000000000
        },
		{
          "id": 6,
          "amount": 2000000000
        },
		{
          "id": 12,
          "amount": 2000000000
        },
		{
          "id": 10,
          "amount": 2000000000
        },
		{
          "id": 8,
          "amount": 2000000000
        },
		{
          "id": 841,
          "amount": 2000000000
        },
		{
          "id": 843,
          "amount": 2000000000
        },
		{
          "id": 849,
          "amount": 2000000000
        },
		{
          "id": 853,
          "amount": 2000000000
        },
		{
          "id": 857,
          "amount": 2000000000
        },
		{
          "id": 861,
          "amount": 2000000000
        },
		{
          "id": 1167,
          "amount": 2000000000
        },
		{
          "id": 1129,
          "amount": 2000000000
        },
		{
          "id": 1095,
          "amount": 2000000000
        },
		{
          "id": 1063,
          "amount": 2000000000
        },
		{
          "id": 9174,
          "amount": 2000000000
        },
		{
          "id": 9177,
          "amount": 2000000000
        },
		{
          "id": 9179,
          "amount": 2000000000
        },
		{
          "id": 9181,
          "amount": 2000000000
        },
		{
          "id": 9183,
          "amount": 2000000000
        },
		{
          "id": 9185,
          "amount": 2000000000
        },
		{
          "id": 6326,
          "amount": 2000000000
        },
		{
          "id": 6322,
          "amount": 2000000000
        },
		{
          "id": 6324,
          "amount": 2000000000
        },
		{
          "id": 6328,
          "amount": 2000000000
        },
		{
          "id": 3749,
          "amount": 2000000000
        },
		{
          "id": 2499,
          "amount": 2000000000
        },
		{
          "id": 2493,
          "amount": 2000000000
        },
		{
          "id": 2487,
          "amount": 2000000000
        },
		{
          "id": 2501,
          "amount": 2000000000
        },
		{
          "id": 2495,
          "amount": 2000000000
        },
		{
          "id": 2489,
          "amount": 2000000000
        },
		{
          "id": 2503,
          "amount": 2000000000
        },
		{
          "id": 2497,
          "amount": 2000000000
        },
		{
          "id": 2491,
          "amount": 2000000000
        }
       ],
       "currency": 995
    },
	{
       "id": 4,
       "name": "Melee Equipment Store",
       "items": [
		{
          "id": 1153,
          "amount": 2000000000
        },
		{
          "id": 1157,
          "amount": 2000000000
        },
		{
          "id": 1165,
          "amount": 2000000000
        },
		{
          "id": 1159,
          "amount": 2000000000
        },
		{
          "id": 1161,
          "amount": 2000000000
        },
		{
          "id": 1163,
          "amount": 2000000000
        },
		{
          "id": 5574,
          "amount": 2000000000
        },
		{
          "id": 5575,
          "amount": 2000000000
        },
		{
          "id": 5576,
          "amount": 2000000000
        },
		{
          "id": 10828,
          "amount": 2000000000
        },
		{
          "id": 1115,
          "amount": 2000000000
        },
		{
          "id": 1119,
          "amount": 2000000000
        },
		{
          "id": 1125,
          "amount": 2000000000
        },
		{
          "id": 1121,
          "amount": 2000000000
        },
		{
          "id": 1123,
          "amount": 2000000000
        },
		{
          "id": 1127,
          "amount": 2000000000
        },
		{
          "id": 1149,
          "amount": 2000000000
        },
		{
          "id": 3140,
          "amount": 2000000000
        },
		{
          "id": 4087,
          "amount": 2000000000
        },
		{
          "id": 3751,
          "amount": 2000000000
        },
		{
          "id": 1067,
          "amount": 2000000000
        },
		{
          "id": 1069,
          "amount": 2000000000
        },
		{
          "id": 1077,
          "amount": 2000000000
        },
		{
          "id": 1071,
          "amount": 2000000000
        },
		{
          "id": 1073,
          "amount": 2000000000
        },
		{
          "id": 1079,
          "amount": 2000000000
        },
		{
          "id": 6128,
          "amount": 2000000000
        },
		{
          "id": 6129,
          "amount": 2000000000
        },
		{
          "id": 6130,
          "amount": 2000000000
        },
		{
          "id": 3753,
          "amount": 2000000000
        },
		{
          "id": 1191,
          "amount": 2000000000
        },
		{
          "id": 1193,
          "amount": 2000000000
        },
		{
          "id": 1195,
          "amount": 2000000000
        },
		{
          "id": 1197,
          "amount": 2000000000
        },
		{
          "id": 1199,
          "amount": 2000000000
        },
		{
          "id": 1201,
          "amount": 2000000000
        },
		{
          "id": 10589,
          "amount": 2000000000
        },
		{
          "id": 10564,
          "amount": 2000000000
        },
		{
          "id": 6809,
          "amount": 2000000000
        },
        {
          "id": 4131,
          "amount": 2000000000
        }
       ],
       "currency": 995
    },
	{
       "id": 5,
       "name": "Melee Weaponry Store",
       "items": [
        {
          "id": 1321,
          "amount": 2000000000
        },
		{
          "id": 1323,
          "amount": 2000000000
        },
		{
          "id": 1325,
          "amount": 2000000000
        },
		{
          "id": 1327,
          "amount": 2000000000
        },
		{
          "id": 1329,
          "amount": 2000000000
        },
		{
          "id": 1331,
          "amount": 2000000000
        },
		{
          "id": 1333,
          "amount": 2000000000
        },
		{
          "id": 4587,
          "amount": 2000000000
        },
		{
          "id": 1249,
          "amount": 2000000000
        },
		{
          "id": 3204,
          "amount": 2000000000
        },
		{
          "id": 1291,
          "amount": 2000000000
        },
		{
          "id": 1293,
          "amount": 2000000000
        },
		{
          "id": 1295,
          "amount": 2000000000
        },
		{
          "id": 1297,
          "amount": 2000000000
        },
		{
          "id": 1299,
          "amount": 2000000000
        },
		{
          "id": 1301,
          "amount": 2000000000
        },
		{
          "id": 1303,
          "amount": 2000000000
        },
		{
          "id": 1305,
          "amount": 2000000000
        },
		{
          "id": 1215,
          "amount": 2000000000
        },
		{
          "id": 1377,
          "amount": 2000000000
        },{
          "id": 1422,
          "amount": 2000000000
        },{
          "id": 1420,
          "amount": 2000000000
        },
		{
          "id": 1424,
          "amount": 2000000000
        },
		{
          "id": 1426,
          "amount": 2000000000
        },
		{
          "id": 1428,
          "amount": 2000000000
        },
		{
          "id": 1430,
          "amount": 2000000000
        },
		{
          "id": 1432,
          "amount": 2000000000
        },
		{
          "id": 1434,
          "amount": 2000000000
        },
		{
          "id": 6528,
          "amount": 2000000000
        },
		{
          "id": 4153,
          "amount": 2000000000
        },
		{
          "id": 1307,
          "amount": 2000000000
        },
		{
          "id": 1309,
          "amount": 2000000000
        },
		{
          "id": 1311,
          "amount": 2000000000
        },
		{
          "id": 1313,
          "amount": 2000000000
        },
		{
          "id": 1315,
          "amount": 2000000000
        },
		{
          "id": 1317,
          "amount": 2000000000
        },
		{
          "id": 1319,
          "amount": 2000000000
        },
		{
          "id": 7158,
          "amount": 2000000000
        },
        {
          "id": 14017,
          "amount": 2000000000
        }
       ],
       "currency": 995
    },
	{
       "id": 6,
       "name": "Consumables Store",
       "items": [
		{
          "id": 325,
          "amount": 2000000000
        },
		{
          "id": 339,
          "amount": 2000000000
        },
		{
          "id": 329,
          "amount": 2000000000
        },
		{
          "id": 361,
          "amount": 2000000000
        },
		{
          "id": 379,
          "amount": 2000000000
        },
		{
          "id": 373,
          "amount": 2000000000
        },
		{
          "id": 7946,
          "amount": 2000000000
        },
		{
          "id": 385,
          "amount": 2000000000
        },
		{
          "id": 391,
          "amount": 2000000000
        },
		{
          "id": 15272,
          "amount": 2000000000
        },
		{
          "id": 2442,
          "amount": 2000000000
        },
		{
          "id": 2436,
          "amount": 2000000000
        },
		{
          "id": 2440,
          "amount": 2000000000
        },
		{
          "id": 2444,
          "amount": 2000000000
        },
		{
          "id": 3040,
          "amount": 2000000000
        },
		{
          "id": 6685,
          "amount": 2000000000
        },
		{
          "id": 2452,
          "amount": 2000000000
        },
		{
          "id": 3024,
          "amount": 2000000000
        },
		{
          "id": 2434,
          "amount": 2000000000
        },
		{
          "id": 2446,
          "amount": 2000000000
        },
		{
          "id": 326,
          "amount": 2000000000
        },
		{
          "id": 340,
          "amount": 2000000000
        },
		{
          "id": 330,
          "amount": 2000000000
        },
		{
          "id": 362,
          "amount": 2000000000
        },
		{
          "id": 380,
          "amount": 2000000000
        },
		{
          "id": 374,
          "amount": 2000000000
        },
		{
          "id": 7947,
          "amount": 2000000000
        },
		{
          "id": 386,
          "amount": 2000000000
        },
		{
          "id": 392,
          "amount": 2000000000
        },
		{
          "id": 15273,
          "amount": 2000000000
        },
		{
          "id": 2443,
          "amount": 2000000000
        },
		{
          "id": 2437,
          "amount": 2000000000
        },
		{
          "id": 2441,
          "amount": 2000000000
        },
		{
          "id": 2445,
          "amount": 2000000000
        },
		{
          "id": 3041,
          "amount": 2000000000
        },
		{
          "id": 6686,
          "amount": 2000000000
        },
		{
          "id": 2453,
          "amount": 2000000000
        },
		{
          "id": 3025,
          "amount": 2000000000
        },
		{
          "id": 2435,
          "amount": 2000000000
        },
		{
          "id": 2447,
          "amount": 2000000000
        }
       ],
       "currency": 995
    },
	{
       "id": 7,
       "name": "Jewelries Store",
       "items": [
        {
          "id": 1009,
          "amount": 2000000000
        },
		{
          "id": 1796,
          "amount": 2000000000
        },
		{
          "id": 1654,
          "amount": 2000000000
        },
		{
          "id": 1656,
          "amount": 2000000000
        },
		{
          "id": 1658,
          "amount": 2000000000
        },
		{
          "id": 1712,
          "amount": 2000000000
        },
		{
          "id": 1710,
          "amount": 2000000000
        },
		{
          "id": 1708,
          "amount": 2000000000
        },
		{
          "id": 1706,
          "amount": 2000000000
        },
		{
          "id": 1731,
          "amount": 2000000000
        },
		{
          "id": 1725,
          "amount": 2000000000
        },
		{
          "id": 1729,
          "amount": 2000000000
        },
		{
          "id": 1727,
          "amount": 2000000000
        },
		{
          "id": 1478,
          "amount": 2000000000
        },
		{
          "id": 1635,
          "amount": 2000000000
        },
		{
          "id": 1637,
          "amount": 2000000000
        },
		{
          "id": 1639,
          "amount": 2000000000
        },
		{
          "id": 1641,
          "amount": 2000000000
        },
		{
          "id": 1643,
          "amount": 2000000000
        },
		{
          "id": 2550,
          "amount": 2000000000
        },
		{
          "id": 2570,
          "amount": 2000000000
        },
		{
          "id": 11118,
          "amount": 2000000000
        },
		{
          "id": 11133,
          "amount": 2000000000
        }
       ],
       "currency": 995
    },
	{
       "id": 8,
       "name": "Skillcape Hood Store",
       "items": [
        {
          "id": 9749,
          "amount": 2000000000
        },
		{
          "id": 9755,
          "amount": 2000000000
        },
		{
          "id": 9752,
          "amount": 2000000000
        },
		{
          "id": 9770,
          "amount": 2000000000
        },
		{
          "id": 9758,
          "amount": 2000000000
        },
		{
          "id": 9761,
          "amount": 2000000000
        },
		{
          "id": 9764,
          "amount": 2000000000
        },
		{
          "id": 9803,
          "amount": 2000000000
        },
		{
          "id": 9809,
          "amount": 2000000000
        },
		{
          "id": 9785,
          "amount": 2000000000
        },
		{
          "id": 9800,
          "amount": 2000000000
        },
		{
          "id": 9806,
          "amount": 2000000000
        },
		{
          "id": 9782,
          "amount": 2000000000
        },
		{
          "id": 9797,
          "amount": 2000000000
        },
		{
          "id": 9794,
          "amount": 2000000000
        },
		{
          "id": 9776,
          "amount": 2000000000
        },
		{
          "id": 9773,
          "amount": 2000000000
        },
		{
          "id": 9779,
          "amount": 2000000000
        },
		{
          "id": 9788,
          "amount": 2000000000
        },
		{
          "id": 9812,
          "amount": 2000000000
        },
		{
          "id": 9767,
          "amount": 2000000000
        },
		{
          "id": 9791,
          "amount": 2000000000
        },
		{
          "id": 9950,
          "amount": 2000000000
        },
		{
          "id": 12171,
          "amount": 2000000000
        },
		{
          "id": 18510,
          "amount": 2000000000
        }
       ],
       "currency": 995
    },
	{
       "id": 9,
       "name": "Skillcape Store",
       "items": [
        {
          "id": 9747,
          "amount": 2000000000
        },
		{
          "id": 9753,
          "amount": 2000000000
        },
		{
          "id": 9750,
          "amount": 2000000000
        },
		{
          "id": 9768,
          "amount": 2000000000
        },
		{
          "id": 9756,
          "amount": 2000000000
        },
		{
          "id": 9759,
          "amount": 2000000000
        },
		{
          "id": 9762,
          "amount": 2000000000
        },
		{
          "id": 9801,
          "amount": 2000000000
        },
		{
          "id": 9807,
          "amount": 2000000000
        },
		{
          "id": 9783,
          "amount": 2000000000
        },
		{
          "id": 9798,
          "amount": 2000000000
        },
		{
          "id": 9804,
          "amount": 2000000000
        },
		{
          "id": 9780,
          "amount": 2000000000
        },
		{
          "id": 9795,
          "amount": 2000000000
        },
		{
          "id": 9792,
          "amount": 2000000000
        },
		{
          "id": 9774,
          "amount": 2000000000
        },
		{
          "id": 9771,
          "amount": 2000000000
        },
		{
          "id": 9777,
          "amount": 2000000000
        },
		{
          "id": 9786,
          "amount": 2000000000
        },
		{
          "id": 9810,
          "amount": 2000000000
        },
		{
          "id": 9765,
          "amount": 2000000000
        },
		{
          "id": 9789,
          "amount": 2000000000
        },
		{
          "id": 9948,
          "amount": 2000000000
        },
		{
          "id": 12169,
          "amount": 2000000000
        },
		{
          "id": 18508,
          "amount": 2000000000
        }
       ],
       "currency": 995
    },
	{
       "id": 10,
       "name": "Skillcape (t) Store",
       "items": [
        {
          "id": 9748,
          "amount": 2000000000
        },
		{
          "id": 9754,
          "amount": 2000000000
        },
		{
          "id": 9751,
          "amount": 2000000000
        },
		{
          "id": 9769,
          "amount": 2000000000
        },
		{
          "id": 9757,
          "amount": 2000000000
        },
		{
          "id": 9760,
          "amount": 2000000000
        },
		{
          "id": 9763,
          "amount": 2000000000
        },
		{
          "id": 9802,
          "amount": 2000000000
        },
		{
          "id": 9808,
          "amount": 2000000000
        },
		{
          "id": 9784,
          "amount": 2000000000
        },
		{
          "id": 9799,
          "amount": 2000000000
        },
		{
          "id": 9805,
          "amount": 2000000000
        },
		{
          "id": 9781,
          "amount": 2000000000
        },
		{
          "id": 9796,
          "amount": 2000000000
        },
		{
          "id": 9793,
          "amount": 2000000000
        },
		{
          "id": 9775,
          "amount": 2000000000
        },
		{
          "id": 9772,
          "amount": 2000000000
        },
		{
          "id": 9778,
          "amount": 2000000000
        },
		{
          "id": 9787,
          "amount": 2000000000
        },
		{
          "id": 9811,
          "amount": 2000000000
        },
		{
          "id": 9766,
          "amount": 2000000000
        },
		{
          "id": 9790,
          "amount": 2000000000
        },
		{
          "id": 9949,
          "amount": 2000000000
        },
		{
          "id": 12170,
          "amount": 2000000000
        },
		{
          "id": 18509,
          "amount": 2000000000
        }
       ],
       "currency": 995
    },
	{
       "id": 11,
       "name": "Merchant's Store",
       "items": [
		{
          "id": 18199,
          "amount": 1
        },
		{
          "id": 15009,
          "amount": 1
        },
		{
          "id": 17401,
          "amount": 1
        },
		{
          "id": 1389,
          "amount": 1
        },
		{
          "id": 11998,
          "amount": 1
        }
	   ],
       "currency": 995
    },
	{
       "id": 12,
       "name": "General store",
       "items": [],
       "currency": 995
    },
	{
       "id": 13,
       "name": "Mining Instructors Store",
       "items": [
		{
          "id": 436,
          "amount": 2000000000
        },
		{
          "id": 438,
          "amount": 2000000000
        },
		{
          "id": 440,
          "amount": 2000000000
        },
		{
          "id": 453,
          "amount": 2000000000
        },
		{
          "id": 444,
          "amount": 2000000000
        },
		{
          "id": 447,
          "amount": 2000000000
        },
		{
          "id": 449,
          "amount": 2000000000
        },
		{
          "id": 451,
          "amount": 2000000000
        },
		{
          "id": 1597,
          "amount": 2000000000
        },
		{
          "id": 1595,
          "amount": 2000000000
        },
		{
          "id": 1592,
          "amount": 2000000000
        },
		{
          "id": 1759,
          "amount": 2000000000
        },
		{
          "id": 1265,
          "amount": 2000000000
        },
		{
          "id": 1267,
          "amount": 2000000000
        },
		{
          "id": 1269,
          "amount": 2000000000
        },
		{
          "id": 1273,
          "amount": 2000000000
        },
		{
          "id": 1271,
          "amount": 2000000000
        },
		{
          "id": 1275,
          "amount": 2000000000
        },
		{
          "id": 2347,
          "amount": 2000000000
        },
		{
          "id": 2349,
          "amount": 2000000000
        },
		{
          "id": 2351,
          "amount": 2000000000
        },
		{
          "id": 2353,
          "amount": 2000000000
        },
		{
          "id": 2357,
          "amount": 2000000000
        },
		{
          "id": 2359,
          "amount": 2000000000
        },
		{
          "id": 2361,
          "amount": 2000000000
        },
		{
          "id": 2363,
          "amount": 2000000000
        }
	   ],
       "currency": 995
    },
	{
       "id": 14,
       "name": "Wilfred's Items",
       "items": [
		{
          "id": 1351,
          "amount": 2000000000
        },
		{
          "id": 1349,
          "amount": 2000000000
        },
		{
          "id": 1353,
          "amount": 2000000000
        },
		{
          "id": 1355,
          "amount": 2000000000
        },
		{
          "id": 1357,
          "amount": 2000000000
        },
		{
          "id": 1359,
          "amount": 2000000000
        },
		{
          "id": 946,
          "amount": 2000000000
        },
		{
          "id": 1511,
          "amount": 2000000000
        },
		{
          "id": 1521,
          "amount": 2000000000
        },
		{
          "id": 1519,
          "amount": 2000000000
        },
		{
          "id": 590,
          "amount": 2000000000
        }
	   ],
       "currency": 995
    },
	{
       "id": 15,
       "name": "Ignatius Vulcan's Items",
       "items": [
		{
          "id": 590,
          "amount": 2000000000
        },
		{
          "id": 1511,
          "amount": 2000000000
        },
		{
          "id": 1521,
          "amount": 2000000000
        },
		{
          "id": 1519,
          "amount": 2000000000
        },
		{
          "id": 1517,
          "amount": 2000000000
        },
		{
          "id": 1515,
          "amount": 2000000000
        },
		{
          "id": 1513,
          "amount": 2000000000
        }
	   ],
       "currency": 995
    },
	{
       "id": 16,
       "name": "Cook's Items",
       "items": [
		{
          "id": 317,
          "amount": 2000000000
        },
		{
          "id": 335,
          "amount": 2000000000
        },
		{
          "id": 377,
          "amount": 2000000000
        },
		{
          "id": 7944,
          "amount": 2000000000
        },
		{
          "id": 383,
          "amount": 2000000000
        },
		{
          "id": 395,
          "amount": 2000000000
        },
		{
          "id": 389,
          "amount": 2000000000
        },
		{
          "id": 15270,
          "amount": 2000000000
        }
	   ],
       "currency": 995
    },
	{
       "id": 17,
       "name": "Brother Jered's Ironman Items",
       "items": [
		{
          "id": 7454,
          "amount": 2000000000
        },
		{
          "id": 7455,
          "amount": 2000000000
        },
        {
          "id": 7456,
          "amount": 2000000000
        },
        {
          "id": 7457,
          "amount": 2000000000
        },
        {
          "id": 7458,
          "amount": 2000000000
        },
        {
          "id": 7459,
          "amount": 2000000000
        },
        {
          "id": 7460,
          "amount": 2000000000
        },
        {
          "id": 7461,
          "amount": 2000000000
        },
        {
          "id": 7462,
          "amount": 2000000000
        },
        {
          "id": 1733,
          "amount": 2000000000
        },
		{
          "id": 1734,
          "amount": 2000000000
        },
       	{
          "id": 1755,
          "amount": 2000000000
        },
      	{
          "id": 1351,
          "amount": 2000000000
        },
        {
          "id": 1265,
          "amount": 2000000000
        },
        {
          "id": 6,
          "amount": 2000000000
        },
		{
          "id": 12,
          "amount": 2000000000
        },
		{
          "id": 10,
          "amount": 2000000000
        },
		{
          "id": 8,
          "amount": 2000000000
        },
        {
          "id": 2,
          "amount": 2000000000
        },
		{
          "id": 946,
          "amount": 2000000000
        },
       	{
          "id": 1597,
          "amount": 2000000000
        },
		{
          "id": 1595,
          "amount": 2000000000
        },
		{
          "id": 1592,
          "amount": 2000000000
        },
		{
          "id": 1759,
          "amount": 2000000000
        },
		{
          "id": 2347,
          "amount": 2000000000
        },
       	{
          "id": 3840,
          "amount": 2000000000
        },
		{
          "id": 3844,
          "amount": 2000000000
        },
		{
          "id": 3842,
          "amount": 2000000000
        },
       	{
          "id": 1540,
          "amount": 2000000000
        },
        {
          "id": 10499,
          "amount": 2000000000
        },
		{
          "id": 544,
          "amount": 2000000000
        },
		{
          "id": 542,
          "amount": 2000000000
        },
        {
          "id": 5574,
          "amount": 2000000000
        },
		{
          "id": 5575,
          "amount": 2000000000
        },
		{
          "id": 5576,
          "amount": 2000000000
        },
		{
          "id": 10828,
          "amount": 2000000000
        },
        {
          "id": 2412,
          "amount": 2000000000
        },
		{
          "id": 2413,
          "amount": 2000000000
        },
		{
          "id": 2414,
          "amount": 2000000000
        },
        {
          "id": 952,
          "amount": 2000000000
        }
	   ],
       "currency": 995
    },
	{
       "id": 18,
       "name": "Master Fisher's Items",
       "items": [
		{
          "id": 303,
          "amount": 2000000000
        },
		{
          "id": 305,
          "amount": 2000000000
        },
		{
          "id": 307,
          "amount": 2000000000
        },
		{
          "id": 309,
          "amount": 2000000000
        },
		{
          "id": 301,
          "amount": 2000000000
        },
		{
          "id": 311,
          "amount": 2000000000
        },
		{
          "id": 313,
          "amount": 2000000000
        },
		{
          "id": 314,
          "amount": 2000000000
        },
		{
          "id": 25,
          "amount": 2000000000
        }
	   ],
       "currency": 995
    },
	{
       "id": 19,
       "name": "PvP Pure Store",
       "items": [
		{
          "id": 6528,
          "amount": 2000000000
        },
		{
          "id": 4587,
          "amount": 2000000000
        },
		{
          "id": 1215,
          "amount": 2000000000
        },
		{
          "id": 868,
          "amount": 2000000000
        },
		{
          "id": 9185,
          "amount": 2000000000
        },
		{
          "id": 9244,
          "amount": 2000000000
        },
		{
          "id": 861,
          "amount": 2000000000
        },
		{
          "id": 892,
          "amount": 2000000000
        },
		{
          "id": 1383,
          "amount": 2000000000
        },
		{
          "id": 4675,
          "amount": 2000000000
        },
		{
          "id": 1540,
          "amount": 2000000000
        },
		{
          "id": 542,
          "amount": 2000000000
        },
		{
          "id": 544,
          "amount": 2000000000
        },
		{
          "id": 1115,
          "amount": 2000000000
        },
		{
          "id": 1067,
          "amount": 2000000000
        },
		{
          "id": 1081,
          "amount": 2000000000
        },
		{
          "id": 1169,
          "amount": 2000000000
        },
		{
          "id": 1129,
          "amount": 2000000000
        },
		{
          "id": 2497,
          "amount": 2000000000
        },
		{
          "id": 10499,
          "amount": 2000000000
        },
		{
          "id": 6109,
          "amount": 2000000000
        },
		{
          "id": 6107,
          "amount": 2000000000
        },
		{
          "id": 6108,
          "amount": 2000000000
        },
		{
          "id": 6111,
          "amount": 2000000000
        },
		{
          "id": 6110,
          "amount": 2000000000
        },
		{
          "id": 6106,
          "amount": 2000000000
        },
		{
          "id": 11090,
          "amount": 2000000000
        },
		{
          "id": 9672,
          "amount": 2000000000
        },
		{
          "id": 9674,
          "amount": 2000000000
        },
		{
          "id": 9676,
          "amount": 2000000000
        },
		{
          "id": 3840,
          "amount": 2000000000
        },
		{
          "id": 3844,
          "amount": 2000000000
        },
		{
          "id": 3842,
          "amount": 2000000000
        },
		{
          "id": 3105,
          "amount": 2000000000
        },
		{
          "id": 2550,
          "amount": 2000000000
        },
		{
          "id": 2570,
          "amount": 2000000000
        },
		{
          "id": 1704,
          "amount": 2000000000
        },
		{
          "id": 1725,
          "amount": 2000000000
        },
		{
          "id": 11118,
          "amount": 2000000000
        },
		{
          "id": 6568,
          "amount": 2000000000
        }
	   ],
       "currency": 995
    },
	{
       "id": 20,
       "name": "Fancy Clothing Store",
       "items": [
		{
          "id": 2631,
          "amount": 2000000000
        },
		{
          "id": 2643,
          "amount": 2000000000
        },
		{
          "id": 2641,
          "amount": 2000000000
        },
		{
          "id": 2639,
          "amount": 2000000000
        },
		{
          "id": 1949,
          "amount": 2000000000
        },
		{
          "id": 660,
          "amount": 2000000000
        },
		{
          "id": 664,
          "amount": 2000000000
        },
		{
          "id": 662,
          "amount": 2000000000
        },
		{
          "id": 658,
          "amount": 2000000000
        },
		{
          "id": 656,
          "amount": 2000000000
        },
		{
          "id": 3057,
          "amount": 2000000000
        },
		{
          "id": 3058,
          "amount": 2000000000
        },
		{
          "id": 3059,
          "amount": 2000000000
        },
		{
          "id": 3060,
          "amount": 2000000000
        },
		{
          "id": 3061,
          "amount": 2000000000
        },
		{
          "id": 640,
          "amount": 2000000000
        },
		{
          "id": 644,
          "amount": 2000000000
        },
		{
          "id": 642,
          "amount": 2000000000
        },
		{
          "id": 638,
          "amount": 2000000000
        },
		{
          "id": 636,
          "amount": 2000000000
        },
		{
          "id": 6656,
          "amount": 2000000000
        },
		{
          "id": 6654,
          "amount": 2000000000
        },
		{
          "id": 6655,
          "amount": 2000000000
        },
		{
          "id": 1059,
          "amount": 2000000000
        },
		{
          "id": 1061,
          "amount": 2000000000
        },
		{
          "id": 650,
          "amount": 2000000000
        },
		{
          "id": 654,
          "amount": 2000000000
        },
		{
          "id": 652,
          "amount": 2000000000
        },
		{
          "id": 648,
          "amount": 2000000000
        },
		{
          "id": 646,
          "amount": 2000000000
        },
		{
          "id": 1007,
          "amount": 2000000000
        },
		{
          "id": 1027,
          "amount": 2000000000
        },
		{
          "id": 1021,
          "amount": 2000000000
        },
		{
          "id": 1029,
          "amount": 2000000000
        },
		{
          "id": 1023,
          "amount": 2000000000
        },
		{
          "id": 9470,
          "amount": 2000000000
        },
		{
          "id": 6859,
          "amount": 2000000000
        },
		{
          "id": 6863,
          "amount": 2000000000
        },
		{
          "id": 6861,
          "amount": 2000000000
        },
		{
          "id": 6857,
          "amount": 2000000000
        }
	   ],
       "currency": 995
    },
	{
       "id": 21,
       "name": "Master Farmer's Items",
       "items": [
		{
          "id": 5341,
          "amount": 2000000000
        },
		{
          "id": 5343,
          "amount": 2000000000
        },
		{
          "id": 5329,
          "amount": 2000000000
        },
		{
          "id": 5340,
          "amount": 2000000000
        },
		{
          "id": 5291,
          "amount": 2000000000
        },
		{
          "id": 5292,
          "amount": 2000000000
        },
		{
          "id": 5293,
          "amount": 2000000000
        },
		{
          "id": 5294,
          "amount": 2000000000
        },
		{
          "id": 5295,
          "amount": 2000000000
        },
		{
          "id": 5296,
          "amount": 2000000000
        },
		{
          "id": 5297,
          "amount": 2000000000
        },
		{
          "id": 5298,
          "amount": 2000000000
        },
		{
          "id": 5299,
          "amount": 2000000000
        },
		{
          "id": 5300,
          "amount": 2000000000
        },
		{
          "id": 5301,
          "amount": 2000000000
        },
		{
          "id": 5302,
          "amount": 2000000000
        },
		{
          "id": 5303,
          "amount": 2000000000
        },
		{
          "id": 5304,
          "amount": 2000000000
        },
		{
          "id": 5318,
          "amount": 2000000000
        },
		{
          "id": 5096,
          "amount": 2000000000
        },
		{
          "id": 5319,
          "amount": 2000000000
        },
		{
          "id": 5324,
          "amount": 2000000000
        },
		{
          "id": 5322,
          "amount": 2000000000
        },
		{
          "id": 5320,
          "amount": 2000000000
        },
		{
          "id": 5323,
          "amount": 2000000000
        },
		{
          "id": 5321,
          "amount": 2000000000
        },
		{
          "id": 5097,
          "amount": 2000000000
        },
		{
          "id": 5098,
          "amount": 2000000000
        },
		{
          "id": 5099,
          "amount": 2000000000
        },
		{
          "id": 5100,
          "amount": 2000000000
        },
		{
          "id": 14589,
          "amount": 2000000000
        },
		{
          "id": 6797,
          "amount": 2000000000
        }
	   ],
       "currency": 995
    },
	{
       "id": 22,
       "name": "Pikkupstix's Materials I",
       "items": [
		{
          "id": 12155,
          "amount": 2000000000
        },
		{
          "id": 18016,
          "amount": 2000000000
        },
		{
          "id": 15262,
          "amount": 2000000000
        },
		{
          "id": 2859,
          "amount": 2000000000
        },
		{
          "id": 6291,
          "amount": 2000000000
        },
		{
          "id": 3363,
          "amount": 2000000000
        },
		{
          "id": 6319,
          "amount": 2000000000
        },
		{
          "id": 1783,
          "amount": 2000000000
        },
		{
          "id": 3095,
          "amount": 2000000000
        },
		{
          "id": 12168,
          "amount": 2000000000
        },
		{
          "id": 2134,
          "amount": 2000000000
        },
		{
          "id": 3138,
          "amount": 2000000000
        },
		{
          "id": 6032,
          "amount": 2000000000
        },
		{
          "id": 9976,
          "amount": 2000000000
        },
		{
          "id": 3325,
          "amount": 2000000000
        },
		{
          "id": 12156,
          "amount": 2000000000
        },
		{
          "id": 12164,
          "amount": 2000000000
        },
		{
          "id": 12166,
          "amount": 2000000000
        },
		{
          "id": 12167,
          "amount": 2000000000
        },
		{
          "id": 12165,
          "amount": 2000000000
        },
		{
          "id": 6010,
          "amount": 2000000000
        },
		{
          "id": 12153,
          "amount": 2000000000
        },
		{
          "id": 8431,
          "amount": 2000000000
        },
		{
          "id": 2150,
          "amount": 2000000000
        },
		{
          "id": 7939,
          "amount": 2000000000
        }
	   ],
       "currency": 995
    },
	{
       "id": 23,
       "name": "Pikkupstix's Materials II",
       "items": [
		{
          "id": 1963,
          "amount": 2000000000
        },
		{
          "id": 1933,
          "amount": 2000000000
        },
		{
          "id": 10117,
          "amount": 2000000000
        },
		{
          "id": 14616,
          "amount": 2000000000
        },
		{
          "id": 6979,
          "amount": 2000000000
        },
		{
          "id": 2460,
          "amount": 2000000000
        },
		{
          "id": 10020,
          "amount": 2000000000
        },
		{
          "id": 12162,
          "amount": 2000000000
        },
		{
          "id": 5933,
          "amount": 2000000000
        },
		{
          "id": 1442,
          "amount": 2000000000
        },
		{
          "id": 1440,
          "amount": 2000000000
        },
		{
          "id": 1438,
          "amount": 2000000000
        },
		{
          "id": 1444,
          "amount": 2000000000
        },
		{
          "id": 571,
          "amount": 2000000000
        },
		{
          "id": 6155,
          "amount": 2000000000
        },
		{
          "id": 10149,
          "amount": 2000000000
        },
		{
          "id": 237,
          "amount": 2000000000
        },
		{
          "id": 3226,
          "amount": 2000000000
        },
		{
          "id": 1115,
          "amount": 2000000000
        },
		{
          "id": 1119,
          "amount": 2000000000
        },
		{
          "id": 10818,
          "amount": 2000000000
        },
		{
          "id": 12111,
          "amount": 2000000000
        },
		{
          "id": 12113,
          "amount": 2000000000
        },
		{
          "id": 12115,
          "amount": 2000000000
        },
		{
          "id": 12117,
          "amount": 2000000000
        },
		{
          "id": 12119,
          "amount": 2000000000
        },
		{
          "id": 12121,
          "amount": 2000000000
        },
		{
          "id": 590,
          "amount": 2000000000
        },
		{
          "id": 1635,
          "amount": 2000000000
        },
		{
          "id": 2132,
          "amount": 2000000000
        },
		{
          "id": 9978,
          "amount": 2000000000
        },
		{
          "id": 1937,
          "amount": 2000000000
        }
	   ],
       "currency": 995
    },
        {
       "id": 24,
       "name": "Member Store I",
       "items": [
		{
          "id": 18359,
          "amount": 2000000000
        },
		{
          "id": 18363,
          "amount": 2000000000
        },
		{
          "id": 18361,
          "amount": 2000000000
        },
		{
          "id": 18335,
          "amount": 2000000000
        },
		{
          "id": 18337,
          "amount": 2000000000
        },
		{
          "id": 11696,
          "amount": 2000000000
        },
		{
          "id": 11700,
          "amount": 2000000000
        },
		{
          "id": 11698,
          "amount": 2000000000
        },
		{
          "id": 11694,
          "amount": 2000000000
        },
        {
          "id": 11730,
          "amount": 2000000000
        },
        {
          "id": 19780,
          "amount": 2000000000
        },
        {
          "id": 14484,
          "amount": 2000000000
        },
		{
          "id": 14008,
          "amount": 2000000000
        },
		{
          "id": 14009,
          "amount": 2000000000
        },
		{
          "id": 14010,
          "amount": 2000000000
        },
		{
          "id": 14011,
          "amount": 2000000000
        },
		{
          "id": 14012,
          "amount": 2000000000
        },
		{
          "id": 14013,
          "amount": 2000000000
        },
		{
          "id": 14014,
          "amount": 2000000000
        },
		{
          "id": 14015,
          "amount": 2000000000
        },
		{
          "id": 14016,
          "amount": 2000000000
        },
		
		{
          "id": 11718,
          "amount": 2000000000
        },
		{
          "id": 11720,
          "amount": 2000000000
        },
		{
          "id": 11722,
          "amount": 2000000000
        },
		{
          "id": 13996,
          "amount": 2000000000
        },
		{
          "id": 11724,
          "amount": 2000000000
        },
		{
          "id": 11726,
          "amount": 2000000000
        },
		{
          "id": 11728,
          "amount": 2000000000
        },
        {
          "id": 16753,
          "amount": 2000000000
        },
        {
          "id": 17235,
          "amount": 2000000000
        },
        {
          "id": 16863,
          "amount": 2000000000
        },
		{
          "id": 19111,
          "amount": 2000000000
        },
        {
          "id": 6585,
          "amount": 2000000000
        }
	   ],
       "currency": -1
    },
	{
       "id": 25,
       "name": "Member Store II",
       "items": [
		{
          "id": 12931,
          "amount": 2000000000
        },
        {
          "id": 12926,
          "amount": 2000000000
        },
        {
          "id": 22008,
          "amount": 2000000000
        },
		{
          "id": 962,
          "amount": 2000000000
        },
		{
          "id": 1048,
          "amount": 2000000000
        },
		{
          "id": 1042,
          "amount": 2000000000
        },
		{
          "id": 1046,
          "amount": 2000000000
        },
		{
          "id": 1044,
          "amount": 2000000000
        },
		{
          "id": 1040,
          "amount": 2000000000
        },
		{
          "id": 1038,
          "amount": 2000000000
        },
		{
          "id": 1055,
          "amount": 2000000000
        },
		{
          "id": 1053,
          "amount": 2000000000
        },
		{
          "id": 1057,
          "amount": 2000000000
        },
		{
          "id": 1050,
          "amount": 2000000000
        },
		{
          "id": 10284,
          "amount": 2000000000
        },
		{
          "id": 13744,
          "amount": 2000000000
        },
		{
          "id": 13738,
          "amount": 2000000000
        },
		{
          "id": 13742,
          "amount": 2000000000
        },
		{
          "id": 13740,
          "amount": 2000000000
        },
		{
          "id": 15018,
          "amount": 2000000000
        },
		{
          "id": 15019,
          "amount": 2000000000
        },
		{
          "id": 15020,
          "amount": 2000000000
        },
        {
          "id": 15220,
          "amount": 2000000000
        },
		{
          "id": 12601,
          "amount": 2000000000
        },
        {
          "id": 12603,
          "amount": 2000000000
        },
        {
          "id": 12605,
          "amount": 2000000000
        },
     	{
          "id": 2572,
          "amount": 2000000000
        },
		{
          "id": 15441,
          "amount": 2000000000
        },
		{
          "id": 15442,
          "amount": 2000000000
        },
		{
          "id": 15443,
          "amount": 2000000000
        },
		{
          "id": 15444,
          "amount": 2000000000
        },
		{
          "id": 20000,
          "amount": 2000000000
        },
		{
          "id": 20001,
          "amount": 2000000000
        },
		{
          "id": 20002,
          "amount": 2000000000
        },
   		{
          "id": 11858,
          "amount": 2000000000
        },
		{
          "id": 11860,
          "amount": 2000000000
        },
		{
          "id": 11862,
          "amount": 2000000000
        },
        {
          "id": 19580,
          "amount": 2000000000
        },
        {
          "id": 20080,
          "amount": 2000000000
        }
	   ],
       "currency": -1
    },
	{
       "id": 26,
       "name": "Pk Points Store",
       "items": [
		{
          "id": 6918,
          "amount": 2000000000
        },
		{
          "id": 6916,
          "amount": 2000000000
        },
		{
          "id": 6924,
          "amount": 2000000000
        },
		{
          "id": 6920,
          "amount": 2000000000
        },
		{
          "id": 6922,
          "amount": 2000000000
        },
		{
          "id": 6914,
          "amount": 2000000000
        },
		{
          "id": 6889,
          "amount": 2000000000
        },
		{
          "id": 2579,
          "amount": 2000000000
        },
		{
          "id": 2581,
          "amount": 2000000000
        },
		{
          "id": 2577,
          "amount": 2000000000
        },
		{
          "id": 15486,
          "amount": 2000000000
        },
		{
          "id": 13879,
          "amount": 2000000000
        },
		{
          "id": 13883,
          "amount": 2000000000
        },
		{
          "id": 15241,
          "amount": 2000000000
        },
		{
          "id": 15243,
          "amount": 2000000000
        },
		{
          "id": 10548,
          "amount": 2000000000
        },
		{
          "id": 10547,
          "amount": 2000000000
        },
		{
          "id": 10551,
          "amount": 2000000000
        },
		{
          "id": 19111,
          "amount": 2000000000
        },
		{
          "id": 6570,
          "amount": 2000000000
        },
		{
          "id": 13262,
          "amount": 2000000000
        },
		{
          "id": 4151,
          "amount": 2000000000
        },
		{
          "id": 11235,
          "amount": 2000000000
        },
		{
          "id": 14484,
          "amount": 2000000000
        },
		{
          "id": 11696,
          "amount": 2000000000
        },
		{
          "id": 11698,
          "amount": 2000000000
        },
		{
          "id": 11700,
          "amount": 2000000000
        },
		{
          "id": 11694,
          "amount": 2000000000
        },
		{
          "id": 19780,
          "amount": 2000000000
        },
		{
          "id": 11730,
          "amount": 2000000000
        },
		{
          "id": 15018,
          "amount": 2000000000
        },
		{
          "id": 15019,
          "amount": 2000000000
        },
		{
          "id": 15020,
          "amount": 2000000000
        },
		{
          "id": 15220,
          "amount": 2000000000
        },
		{
          "id": 15332,
          "amount": 2000000000
        }
	   ],
       "currency": -1
    },
	{
       "id": 27,
       "name": "Voting Rewards Store",
       "items": [
			{
          "id": 6199,
          "amount": 2000000000
        },
		{
          "id": 15501,
          "amount": 2000000000
        },
        {
          "id": 4151,
          "amount": 2000000000
        },
		{
          "id": 15441,
          "amount": 2000000000
        },
		{
          "id": 15442,
          "amount": 2000000000
        },
		{
          "id": 15443,
          "amount": 2000000000
        },
		{
          "id": 15444,
          "amount": 2000000000
        },
		{
          "id": 22007,
          "amount": 2000000000
        },
		{
          "id": 18744,
          "amount": 2000000000
        },
        {
          "id": 18745,
          "amount": 2000000000
        },
        {
          "id": 18746,
          "amount": 2000000000
        },
		{
          "id": 19293,
          "amount": 2000000000
        },
		{
          "id": 14004,
          "amount": 2000000000
        },
		{
          "id": 14005,
          "amount": 2000000000
        },
		{
          "id": 14006,
          "amount": 2000000000
        },
		{
          "id": 14007,
          "amount": 2000000000
        },
		{
          "id": 15018,
          "amount": 2000000000
        },
		{
          "id": 15019,
          "amount": 2000000000
        },		
		{
          "id": 15020,
          "amount": 2000000000
        },
		{
          "id": 15220,
          "amount": 2000000000
        },
		{
          "id": 6570,
          "amount": 2000000000
        },
		{
          "id": 19111,
          "amount": 2000000000
        },
        
		{
          "id": 14000,
          "amount": 2000000000
        },
		{
          "id": 14001,
          "amount": 2000000000
        },
		{
          "id": 14002,
          "amount": 2000000000
        },
		{
          "id": 14003,
          "amount": 2000000000
        },
		{
          "id": 2577,
          "amount": 2000000000
        },
		{
          "id": 6585,
          "amount": 2000000000
        },
		{
          "id": 19333,
          "amount": 2000000000
        },
		{
          "id": 15332,
          "amount": 2000000000
        },
		{
          "id": 6500,
          "amount": 2000000000
        },
		{
          "id": 19336,
          "amount": 2000000000
        },
		{
          "id": 19337,
          "amount": 2000000000
        },
		{
          "id": 19338,
          "amount": 2000000000
        },
		{
          "id": 19339,
          "amount": 2000000000
        },
		{
          "id": 19340,
          "amount": 2000000000
        },
		{
          "id": 13262,
          "amount": 2000000000
        },
		{
          "id": 20084,
          "amount": 2000000000
        },
		{
          "id": 9813,
          "amount": 2000000000
        }
	   ],
	   "currency": -1
	   },
	   {
       "id": 28,
       "name": "Jack's Shop",
       "items": [
		{
          "id": 7453,
          "amount": 2000000000
        },
		{
          "id": 7454,
          "amount": 2000000000
        },
		{
          "id": 7455,
          "amount": 2000000000
        },
        {
          "id": 7456,
          "amount": 2000000000
        },
        {
          "id": 7457,
          "amount": 2000000000
        },
        {
          "id": 7458,
          "amount": 2000000000
        },
        {
          "id": 7459,
          "amount": 2000000000
        },
        {
          "id": 7460,
          "amount": 2000000000
        },
        {
          "id": 7461,
          "amount": 2000000000
        },
        {
          "id": 7462,
          "amount": 2000000000
        },
        {
          "id": 1540,
          "amount": 2000000000
        },
		{
          "id": 952,
          "amount": 2000000000
        },
		{
          "id": 9418,
          "amount": 2000000000
        },
        {
           "id": 9003,
           "amount": 2000000000
        }
	   ],
       "currency": 995
    },
	{
       "id": 30,
       "name": "Herblore Store",
       "items": [
		{
          "id": 292,
          "amount": 2000000000
        },
        {
          "id": 233,
          "amount": 2000000000
        },
		{
          "id": 199,
          "amount": 2000000000
        },
		{
          "id": 228,
          "amount": 2000000000
        },
		{
          "id": 221,
          "amount": 2000000000
        },
		{
          "id": 948,
          "amount": 2000000000
        },
        {
          "id": 223,
          "amount": 2000000000
        },
		{
          "id": 235,
          "amount": 2000000000
        },
		{
          "id": 1975,
          "amount": 2000000000
        },
		{
          "id": 2152,
          "amount": 2000000000
        },
		{
          "id": 9736,
          "amount": 2000000000
        },
		{
          "id": 231,
          "amount": 2000000000
        },
		{
          "id": 12109,
          "amount": 2000000000
        },
		{
          "id": 5004,
          "amount": 2000000000
        },
		{
          "id": 10111,
          "amount": 2000000000
        },
		{
          "id": 11525,
          "amount": 2000000000
        },
		{
          "id": 241,
          "amount": 2000000000
        },
		{
          "id": 239,
          "amount": 2000000000
        },		
		{
          "id": 6049,
          "amount": 2000000000
        },
		{
          "id": 245,
          "amount": 2000000000
        },
		{
          "id": 3138,
          "amount": 2000000000
        },
		{
          "id": 247,
          "amount": 2000000000
        },
		{
          "id": 6693,
          "amount": 2000000000
        },
		{
          "id": 5972,
          "amount": 2000000000
        },
		{
          "id": 4621,
          "amount": 2000000000
        },
		{
          "id": 9594,
          "amount": 2000000000
        },
		{
          "id": 12539,
          "amount": 2000000000
        },
        {
          "id": 225,
          "amount": 2000000000
        }
	   ],
	   "currency": 995
	},
	{
       "id": 31,
       "name": "Member Store",
       "items": [
	    {
          "id": 22052,
          "amount": 2000000000
        },
		{
          "id": 15313,
          "amount": 2000000000
        },
		{
          "id": 15317,
          "amount": 2000000000
        },
		{
          "id": 15309,
          "amount": 2000000000
        },
		{
          "id": 15325,
          "amount": 2000000000
        },
		{
          "id": 15321,
          "amount": 2000000000
        },
		{
          "id": 15333,
          "amount": 2000000000
        },
		{
          "id": 4045,
          "amount": 2000000000
        },
        {
          "id": 12790,
          "amount": 2000000000
        },
        {
          "id": 12093,
          "amount": 2000000000
        },
        {
          "id": 13262,
          "amount": 2000000000
        },
        {
          "id": 8850,
          "amount": 2000000000
        },
        {
          "id": 8849,
          "amount": 2000000000
        },
        {
          "id": 6570,
          "amount": 2000000000
        },
        {
          "id": 10551,
          "amount": 2000000000
        },
        {
          "id": 15618,
          "amount": 2000000000
        },
        {
          "id": 15622,
          "amount": 2000000000
        },
        {
          "id": 15612,
          "amount": 2000000000
        },
        {
          "id": 15616,
          "amount": 2000000000
        },
        {
          "id": 6797,
          "amount": 2000000000
        },
        {
          "id": 14140,
          "amount": 2000000000
        },
        {
          "id": 14130,
          "amount": 2000000000
        },
		{
          "id": 5514,
          "amount": 2000000000
        },
		{
          "id": 5512,
          "amount": 2000000000
        },
		{
          "id": 5510,
          "amount": 2000000000
        },
		{
          "id": 5509,
          "amount": 2000000000
        },
        {
          "id": 15084,
          "amount": 2000000000
        }
	   ],
	   "currency": 995
	},
	{
       "id": 32,
       "name": "Runecrafting Items",
       "items": [
		{
          "id": 1438,
          "amount": 2000000000
        },
		{
          "id": 1448,
          "amount": 2000000000
        },
		{
          "id": 1444,
          "amount": 2000000000
        },
		{
          "id": 1440,
          "amount": 2000000000
        },
		{
          "id": 1442,
          "amount": 2000000000
        },
		{
          "id": 1446,
          "amount": 2000000000
        },
		{
          "id": 1454,
          "amount": 2000000000
        },
		{
          "id": 1452,
          "amount": 2000000000
        },
		{
          "id": 1458,
          "amount": 2000000000
        },
		{
          "id": 1456,
          "amount": 2000000000
        },
		{
          "id": 1450,
          "amount": 2000000000
        },
        {
          "id": 1462,
          "amount": 2000000000
        },
        {
          "id": 5509,
          "amount": 2000000000
        },
		{
          "id": 5510,
          "amount": 2000000000
        },
		{
          "id": 5512,
          "amount": 2000000000
        }, 
        {
          "id": 5514,
          "amount": 2000000000
        }
	   ],
	   "currency": 995
	},
	{
       "id": 33,
       "name": "Energy Fragment's Store",
       "items": [
		{
          "id": 5509,
          "amount": 2000000000
        },
		{
          "id": 5510,
          "amount": 2000000000
        },
		{
          "id": 5512,
          "amount": 2000000000
        },
        {
          "id": 5514,
          "amount": 2000000000
        },
		{
          "id": 13613,
          "amount": 2000000000
        },
		{
          "id": 13619,
          "amount": 2000000000
        },
		{
          "id": 13622,
          "amount": 2000000000
        },
		{
          "id": 13623,
          "amount": 2000000000
        },
		{
          "id": 13616,
          "amount": 2000000000
        },
		{
          "id": 13614,
          "amount": 2000000000
        },
		{
          "id": 13617,
          "amount": 2000000000
        },
		{
          "id": 13618,
          "amount": 2000000000
        },
		{
          "id": 13626,
          "amount": 2000000000
        },
		{
          "id": 13624,
          "amount": 2000000000
        },
		{
          "id": 13627,
          "amount": 2000000000
        },
		{
          "id": 13628,
          "amount": 2000000000
        }
	   ],
	   "currency": 13653
	},
	{
       "id": 34,
       "name": "Crafting Items",
       "items": [
		{
          "id": 1779,
          "amount": 2000000000
        },
		{
          "id": 1755,
          "amount": 2000000000
        },
		{
          "id": 1625,
          "amount": 2000000000
        },
		{
          "id": 1627,
          "amount": 2000000000
        },
		{
          "id": 1629,
          "amount": 2000000000
        },
		{
          "id": 1623,
          "amount": 2000000000
        },
		{
          "id": 1621,
          "amount": 2000000000
        },
		{
          "id": 1619,
          "amount": 2000000000
        },
		{
          "id": 1617,
          "amount": 2000000000
        },
		{
          "id": 1631,
          "amount": 2000000000
        },
		{
          "id": 1733,
          "amount": 2000000000
        },
		{
          "id": 1734,
          "amount": 2000000000
        },
		{
          "id": 1739,
          "amount": 2000000000
        }
	   ],
       "currency": 995
    },
	{
       "id": 35,
       "name": "Warrior's Armour Store",
       "items": [
		{
          "id": 1155,
          "amount": 2000000000
        },
		{
          "id": 1117,
          "amount": 2000000000
        },
		{
          "id": 1075,
          "amount": 2000000000
        },
		{
          "id": 1067,
          "amount": 2000000000
        },
		{
          "id": 1153,
          "amount": 2000000000
        },
		{
          "id": 1115,
          "amount": 2000000000
        },
		{
          "id": 1157,
          "amount": 2000000000
        },
		{
          "id": 1119,
          "amount": 2000000000
        },
		{
          "id": 1069,
          "amount": 2000000000
        },
		{
          "id": 1159,
          "amount": 2000000000
        },
		{
          "id": 1121,
          "amount": 2000000000
        },
		{
          "id": 1071,
          "amount": 2000000000
        },
		{
          "id": 1161,
          "amount": 2000000000
        },
		{
          "id": 1123,
          "amount": 2000000000
        },
		{
          "id": 1073,
          "amount": 2000000000
        },
		{
          "id": 1163,
          "amount": 2000000000
        },
		{
          "id": 1127,
          "amount": 2000000000
        },
		{
          "id": 1079,
          "amount": 2000000000
        }
	   ],
	   "currency": 995
	},
	{
       "id": 37,
       "name": "Nomad's Store",
       "items": [
		{
          "id": 14642,
          "amount": 2000000000
        },
		{
          "id": 14641,
          "amount": 2000000000
        },
		{
          "id": 14017,
          "amount": 2000000000
        }
	   ],
	   "currency": 995
	},
	{
       "id": 38,
       "name": "Hunting Store",
       "items": [
		{
          "id": 10010,
          "amount": 2000000000
        },
		{
          "id": 11260,
          "amount": 2000000000
        },
		{
          "id": 10008,
          "amount": 2000000000
        },
		{
          "id": 10006,
          "amount": 2000000000
        },
		{
          "id": 10045,
          "amount": 2000000000
        },
		{
          "id": 10043,
          "amount": 2000000000
        },
		{
          "id": 10041,
          "amount": 2000000000
        }
	   ],
	   "currency": 995
	},
	{
       "id": 39,
       "name": "Agility Ticket Exchange",
       "items": [
		{
          "id": 14936,
          "amount": 2000000000
        },
		{
          "id": 14938,
		  "amount": 2000000000
        },
		{
          "id": 10941,
          "amount": 2000000000
        },
		{
          "id": 10939,
          "amount": 2000000000
        },
		{
          "id": 10940,
          "amount": 2000000000
        },
		{
          "id": 10933,
          "amount": 2000000000
        },
		{
		  "id": 13661,
		  "amount": 2000000000
		}
	   ],
	   "currency": 2996
	},
	{
       "id": 40,
       "name": "Slayer Items",
       "items": [
		{
          "id": 4155,
          "amount": 2000000000
        }
	   ],
	   "currency": 995
	},
	{
       "id": 41,
       "name": "Gambler's Items",
       "items": [
		{
          "id": 15084,
          "amount": 2000000000
        }
	   ],
	   "currency": 995
	},
	{
       "id": 42,
       "name": "Guardian's Items",
       "items": [
		{
          "id": 18337,
          "amount": 2000000000
        },
		{
          "id": 10551,
          "amount": 2000000000
        },
		{
          "id": 10548,
          "amount": 2000000000
        },
		{
          "id": 10549,
          "amount": 2000000000
        },
		{
          "id": 10550,
          "amount": 2000000000
        },
		{
          "id": 7592,
          "amount": 2000000000
        },
		{
          "id": 7593,
          "amount": 2000000000
        },
		{
          "id": 7594,
          "amount": 2000000000
        },
		{
          "id": 7595,
          "amount": 2000000000
        },
		{
          "id": 7596,
          "amount": 2000000000
        },
		{
          "id": 15241,
          "amount": 2000000000
        },
		{
          "id": 15243,
          "amount": 2000000000
        }
	   ],
	   "currency": 14667
	},
	{
       "id": 43,
       "name": "Tzhaar Hur Lek's Store",
       "items": [
	   	{
          "id": 11978,
          "amount": 2000000000
        },
		{
          "id": 438,
          "amount": 2000000000
        },
		{
          "id": 436,
          "amount": 2000000000
        },
		{
          "id": 440,
          "amount": 2000000000
        },
		{
          "id": 453,
          "amount": 2000000000
        },
		{
          "id": 442,
          "amount": 2000000000
        },
		{
          "id": 444,
          "amount": 2000000000
        },
		{
          "id": 447,
          "amount": 2000000000
        },
		{
          "id": 449,
          "amount": 2000000000
        },
		{
          "id": 451,
          "amount": 2000000000
        },
		{
          "id": 1623,
          "amount": 2000000000
        },
		{
          "id": 1621,
          "amount": 2000000000
        },
		{
          "id": 1619,
          "amount": 2000000000
        },
		{
          "id": 1617,
          "amount": 2000000000
        },
		{
          "id": 1631,
          "amount": 2000000000
        },
		{
          "id": 6571,
          "amount": 2000000000
        },
		{
          "id": 11128,
          "amount": 2000000000
        },
		{
          "id": 6524,
          "amount": 2000000000
        },
		{
          "id": 6523,
          "amount": 2000000000
        },
		{
          "id": 6526,
          "amount": 2000000000
        },
		{
          "id": 6522,
          "amount": 2000000000
        },
		{
          "id": 6528,
          "amount": 2000000000
        },
		{
          "id": 6568,
          "amount": 2000000000
        },
		{
          "id": 6525,
          "amount": 2000000000
        }
	   ],
	   "currency": 6529
	},
	{
       "id": 44,
       "name": "Dungeoneering Store",
       "items": [
		{
          "id": 18351,
          "amount": 2000000000
        },
		{
          "id": 18349,
          "amount": 2000000000
        },
		{
          "id": 18353,
          "amount": 2000000000
        },
		{
          "id": 18357,
          "amount": 2000000000
        },
		{
          "id": 18355,
          "amount": 2000000000
        },
		{
          "id": 18359,
          "amount": 2000000000
        },
		{
          "id": 18335,
          "amount": 2000000000
        },
        {
          "id": 6500,
          "amount": 2000000000
        },
        {
          "id": 18337,
          "amount": 2000000000
        }
	   ],
	   "currency": -1
	},
	{
       "id": 45,
       "name": "Smuggler's Items",
       "items": [
		{
          "id": 1351,
          "amount": 2000000000
        },
		{
          "id": 1511,
          "amount": 2000000000
        },
		{
          "id": 590,
          "amount": 2000000000
        },
		{
          "id": 17797,
          "amount": 2000000000
        },
		{
          "id": 17799,
          "amount": 2000000000
        },
		{
          "id": 17801,
          "amount": 2000000000
        },
		{
          "id": 17803,
          "amount": 2000000000
        },
		{
          "id": 17805,
          "amount": 2000000000
        },
		{
          "id": 17807,
          "amount": 2000000000
        },
		{
          "id": 17809,
          "amount": 2000000000
        },
		{
          "id": 17811,
          "amount": 2000000000
        },
		{
          "id": 17813,
          "amount": 2000000000
        },
		{
          "id": 157,
          "amount": 2000000000
        },
		{
          "id": 145,
          "amount": 2000000000
        },
		{
          "id": 163,
          "amount": 2000000000
        },
		{
          "id": 169,
          "amount": 2000000000
        },
		{
          "id": 3042,
          "amount": 2000000000
        },
		{
          "id": 139,
          "amount": 2000000000
        },
		{
          "id": 1331,
          "amount": 2000000000
        },
		{
          "id": 857,
          "amount": 2000000000
        },
		{
          "id": 890,
          "amount": 2000000000
        },
		{
          "id": 1383,
          "amount": 2000000000
        },
		{
          "id": 556,
          "amount": 2000000000
        },
		{
          "id": 558,
          "amount": 2000000000
        }
	   ],
	   "currency": 18201
	},
	{
       "id": 46,
       "name": "Prestige Points Store",
       "items": [
		{
          "id": 15501,
          "amount": 2000000000
        },
		{
          "id": 19333,
          "amount": 2000000000
        },
		{
          "id": 15220,
          "amount": 2000000000
        },
		{
          "id": 15020,
          "amount": 2000000000
        },
		{
          "id": 15019,
          "amount": 2000000000
        },
		{
          "id": 15018,
          "amount": 2000000000
        },
		{
          "id": 20000,
          "amount": 2000000000
        },
		{
          "id": 20001,
          "amount": 2000000000
        },
		{
          "id": 20002,
          "amount": 2000000000
        },
		{
          "id": 15501,
          "amount": 2000000000
        },
		{
          "id": 13855,
          "amount": 2000000000
        },
		{
          "id": 13848,
          "amount": 2000000000
        },
		{
          "id": 13857,
          "amount": 2000000000
        },
		{
          "id": 13856,
          "amount": 2000000000
        },
		{
          "id": 13854,
          "amount": 2000000000
        },
		{
          "id": 13853,
          "amount": 2000000000
        },
		{
          "id": 13852,
          "amount": 2000000000
        },
		{
          "id": 13851,
          "amount": 2000000000
        },
		{
          "id": 13850,
          "amount": 2000000000
        },
		{
          "id": 13849,
          "amount": 2000000000
        },
		{
          "id": 10400,
          "amount": 2000000000
        },
		{
          "id": 10402,
          "amount": 2000000000
        },
		{
          "id": 10416,
          "amount": 2000000000
        },
		{
          "id": 10418,
          "amount": 2000000000
        },
		{
          "id": 10408,
          "amount": 2000000000
        },
		{
          "id": 10410,
          "amount": 2000000000
        },
		{
          "id": 10412,
          "amount": 2000000000
        },
		{
          "id": 10414,
          "amount": 2000000000
        },
		{
          "id": 10404,
          "amount": 2000000000
        },
		{
          "id": 10406,
          "amount": 2000000000
        },
		{
          "id": 14595,
          "amount": 2000000000
        },
		{
          "id": 14603,
          "amount": 2000000000
        },
		{
          "id": 14602,
          "amount": 2000000000
        },
		{
          "id": 14605,
          "amount": 2000000000
        }		
	   ],
	   "currency": -1
	},
	{
       "id": 47,
       "name": "Slayer Points Store",
       "items": [
		{
          "id": 13263,
          "amount": 2000000000
        },
		{
          "id": 13281,
          "amount": 2000000000
        },
		{
          "id": 15403,
          "amount": 2000000000
        },
		{
          "id": 11730,
          "amount": 2000000000
        },
		{
          "id": 10887,
          "amount": 2000000000
        },
		{
          "id": 11235,
          "amount": 2000000000
        },
		{
          "id": 4151,
          "amount": 2000000000
        },
		{
          "id": 15486,
          "amount": 2000000000
        },
		{
          "id": 15241,
          "amount": 2000000000
        },
		{
          "id": 15243,
          "amount": 2000000000
        },
		{
          "id": 10551,
          "amount": 2000000000
        },
		{
          "id": 20000,
          "amount": 2000000000
        },
		{
          "id": 20001,
          "amount": 2000000000
        },
		{
          "id": 20002,
          "amount": 2000000000
        }
		
	   ],
	   "currency": -1
	},
	{
       "id": 78,
       "name": "Stardust Exchange Store",
       "items": [
		{
          "id": 5608,
          "amount": 2000000000
        },
        {
          "id": 5609,
          "amount": 2000000000
        },
        {
          "id": 9005,
          "amount": 2000000000
        },
        {
          "id": 6666,
          "amount": 2000000000
        },
        {
          "id": 2997,
          "amount": 2000000000
        },
        {
          "id": 9944,
          "amount": 2000000000
        },
        {
          "id": 9945,
          "amount": 2000000000
        },
        {
          "id": 9472,
          "amount": 2000000000
        },
        {
          "id": 5607,
          "amount": 2000000000
        },
        {
          "id": 10394,
          "amount": 2000000000
        },
        {
          "id": 2651,
          "amount": 2000000000
        },
        {
          "id": 13672,
          "amount": 2000000000
        },
        {
          "id": 13674,
          "amount": 2000000000
        },
        {
          "id": 13673,
          "amount": 2000000000
        },
        {
          "id": 13675,
          "amount": 2000000000
        },
        {
          "id": 19735,
          "amount": 2000000000
        },
        {
          "id": 18776,
          "amount": 2000000000
        },
        {
          "id": 6180,
          "amount": 2000000000
        },
		{
          "id": 6181,
          "amount": 2000000000
        },
		{
          "id": 6182,
          "amount": 2000000000
        },
		{
          "id": 7409,
          "amount": 2000000000
        },
		{
          "id": 13661,
          "amount": 2000000000
        },
		{
          "id": 453,
          "amount": 2000000000
        },
		{
          "id": 9185,
          "amount": 2000000000
        }
		
	   ],
	   "currency": 13727
	},
	{
       "id": 79,
       "name": "Barrows Store",
       "items": [
		{
          "id": 4716,
          "amount": 2000000000
        },
		{
          "id": 4720,
          "amount": 2000000000
        },
		{
          "id": 4722,
          "amount": 2000000000
        },
		{
          "id": 4718,
          "amount": 2000000000
        },
		{
          "id": 4753,
          "amount": 2000000000
        },
		{
          "id": 4757,
          "amount": 2000000000
        },
		{
          "id": 4759,
          "amount": 2000000000
        },
		{
          "id": 4755,
          "amount": 2000000000
        },
		{
          "id": 4745,
          "amount": 2000000000
        },
		{
          "id": 4749,
          "amount": 2000000000
        },
		{
          "id": 4751,
          "amount": 2000000000
        },
		{
          "id": 4747,
          "amount": 2000000000
        },
		{
          "id": 4724,
          "amount": 2000000000
        },
		{
          "id": 4728,
          "amount": 2000000000
        },
		{
          "id": 4730,
          "amount": 2000000000
        },
		{
          "id": 4726,
          "amount": 2000000000
        },
		{
          "id": 4732,
          "amount": 2000000000
        },
		{
          "id": 4736,
          "amount": 2000000000
        },
		{
          "id": 4738,
          "amount": 2000000000
        },
		{
          "id": 4734,
          "amount": 2000000000
        },
		{
          "id": 4708,
          "amount": 2000000000
        },
		{
          "id": 4712,
          "amount": 2000000000
        },
		{
          "id": 4714,
          "amount": 2000000000
        },
		{
          "id": 4710,
          "amount": 2000000000
        }
		
	   ],
	   "currency": -1
	},
    {
       "id": 80,
       "name": "Member Store III",
       "items": [
		{
          "id": 10944,
          "amount": 2000000000
        },
		{
          "id": 6769,
          "amount": 2000000000
        },
		{
          "id": 10942,
          "amount": 2000000000
        },
		{
          "id": 10934,
          "amount": 2000000000
        },
		{
          "id": 10935,
          "amount": 2000000000
        },
		{
          "id": 10943,
          "amount": 2000000000
        },
		{
          "id": 7630,
          "amount": 2000000000
        },
        {
          "id": 18351,
          "amount": 2000000000
        },
        {
          "id": 18349,
          "amount": 2000000000
        },
        {
          "id": 18353,
          "amount": 2000000000
        },
        {
          "id": 18355,
          "amount": 2000000000
        },
        {
          "id": 18357,
          "amount": 2000000000
        },
        {
          "id": 6500,
          "amount": 2000000000
        },
        {
          "id": 18719,
          "amount": 2000000000
        },
        {
          "id": 7587,
          "amount": 2000000000
        },
        {
          "id": 17273,
          "amount": 2000000000
        }
	   ],
	   "currency": -1
	},
    {
       "id": 81,
       "name": "Event Items",
       "items": [
		{
          "id": 9013,
          "amount": 2000000000
        },
		{
          "id": 13150,
          "amount": 2000000000
        },
        {
          "id": 22036,
          "amount": 2000000000
        },
        {
          "id": 22037,
          "amount": 2000000000
        },
        {
          "id": 22038,
          "amount": 2000000000
        },
        {
          "id": 22039,
          "amount": 2000000000
        },
        {
          "id": 22040,
          "amount": 2000000000
        },
        {
          "id": 9922,
          "amount": 2000000000
        },
        {
          "id": 9921,
          "amount": 2000000000
        },
		{
          "id": 15420,
          "amount": 2000000000
        },
		{
          "id": 2946,
          "amount": 2000000000
        }
	   ],
	   "currency": 995
	},
    {
       "id": 82,
       "name": "Teleports Shop",
       "items": [
		{
          "id": 8007,
          "amount": 2000000000
        },
        {
          "id": 8008,
          "amount": 2000000000
        },
        {
          "id": 8009,
          "amount": 2000000000
        },
        {
          "id": 8010,
          "amount": 2000000000
        },
        {
          "id": 8011,
          "amount": 2000000000
        },
        {
          "id": 8012,
          "amount": 2000000000
        },
        {
          "id": 8013,
          "amount": 2000000000
        },
        {
          "id": 13599,
          "amount": 2000000000
        },
        {
          "id": 13600,
          "amount": 2000000000
        },
        {
          "id": 13601,
          "amount": 2000000000
        },
        {
          "id": 13602,
          "amount": 2000000000
        },
        {
          "id": 13603,
          "amount": 2000000000
        },
        {
          "id": 13604,
          "amount": 2000000000
        },
        {
          "id": 13605,
          "amount": 2000000000
        },
        {
          "id": 13606,
          "amount": 2000000000
        },
        {
          "id": 13607,
          "amount": 2000000000
        },
        {
          "id": 13608,
          "amount": 2000000000
        },
        {
          "id": 13609,
          "amount": 2000000000
        },
        {
          "id": 13610,
          "amount": 2000000000
        },
        {
          "id": 13611,
          "amount": 2000000000
        }
	   ],
	   "currency": 995
	},
    {
       "id": 83,
       "name": "Pet Shop",
       "items": [
		{
          "id": 1561,
          "amount": 2000000000
        }
	   ],
	   "currency": 995
	},
    {
       "id": 84,
       "name": "Bob's Brilliant Axes",
       "items": [
		{
          "id": 1265,
          "amount": 2000000000
        },
        {
          "id": 1351,
          "amount": 2000000000
        },
        {
          "id": 1349,
          "amount": 2000000000
        },
        {
          "id": 1353,
          "amount": 2000000000
        },
        {
          "id": 1363,
          "amount": 2000000000
        },
        {
          "id": 1365,
          "amount": 2000000000
        },
        {
          "id": 1369,
          "amount": 2000000000
        }
	   ],
	   "currency": 995
	},

	{
       "id": 85,
       "name": "Trader Stan's Trading Post",
       "items": [
		{
          "id": 1931,
          "amount": 2000000000
        },
        {
          "id": 1935,
          "amount": 2000000000
        },
        {
          "id": 1735,
          "amount": 2000000000
        },
        {
          "id": 1925,
          "amount": 2000000000
        },
        {
          "id": 1923,
          "amount": 2000000000
        },
        {
          "id": 1887,
          "amount": 2000000000
        },
        {
          "id": 590,
          "amount": 2000000000
        },
        {
          "id": 1755,
          "amount": 2000000000
        },
        {
          "id": 2347,
          "amount": 2000000000
        },
        {
          "id": 550,
          "amount": 2000000000
        },
        {
          "id": 9003,
          "amount": 2000000000
        },
        {
          "id": 954,
          "amount": 2000000000
        },
        {
          "id": 946,
          "amount": 2000000000
        },
        {
          "id": 2114,
          "amount": 2000000000
        },
        {
          "id": 1963,
          "amount": 2000000000
        },
        {
          "id": 2108,
          "amount": 2000000000
        },
        {
          "id": 4286,
          "amount": 2000000000
        },
        {
          "id": 1785,
          "amount": 2000000000
        },
        {
          "id": 1783,
          "amount": 2000000000
        },
        {
          "id": 401,
          "amount": 2000000000
        },
        {
          "id": 1781,
          "amount": 2000000000
        },
        {
          "id": 301,
          "amount": 2000000000
        },
		{
          "id": 307,
          "amount": 2000000000
        },
		{
          "id": 1941,
          "amount": 2000000000
        },
		{
          "id": 3226,
          "amount": 2000000000
        },
		{
          "id": 1025,
          "amount": 2000000000
        },
		{
          "id": 9629,
          "amount": 2000000000
        },
		{
          "id": 1917,
          "amount": 2000000000
        },
		{
          "id": 2017,
          "amount": 2000000000
        },
		{
          "id": 1993,
          "amount": 2000000000
        },
		{
          "id": 2015,
          "amount": 2000000000
        },
		{
          "id": 2021,
          "amount": 2000000000
        },
		{
          "id": 1915,
          "amount": 2000000000
        },
		{
          "id": 1907,
          "amount": 2000000000
        }
	   ],
	   "currency": 995
	},
    	{
       "id": 89,
       "name": "Cosmetic Voting Rewards",
       "items": [
               {
          "id": 7630,
          "amount": 2000000000
        },          
        {
          "id": 6199,
          "amount": 2000000000
        },     
        {
          "id": 15501,
          "amount": 2000000000
        },
        {
          "id": 18744,
          "amount": 2000000000
        },
        {
          "id": 18745,
          "amount": 2000000000
        },
        {
          "id": 18746,
          "amount": 2000000000
        },
		{
          "id": 19293,
          "amount": 2000000000
        },
        {
          "id": 1038,
          "amount": 2000000000
        },
        {
          "id": 1040,
          "amount": 2000000000
        },
        {
          "id": 1042,
          "amount": 2000000000
        },
        {
          "id": 1044,
          "amount": 2000000000
        },
        {
          "id": 1046,
          "amount": 2000000000
        },
        {
          "id": 1048,
          "amount": 2000000000
        },
        {
          "id": 1055,
          "amount": 2000000000
        },
        {
          "id": 1053,
          "amount": 2000000000
        },
        {
          "id": 1057,
          "amount": 2000000000
        },
        {
          "id": 1050,
          "amount": 2000000000
        },
		{
          "id": 14004,
          "amount": 2000000000
        },
		{
          "id": 14005,
          "amount": 2000000000
        },
		{
          "id": 14006,
          "amount": 2000000000
        },
		{
          "id": 14007,
          "amount": 2000000000
        },
		{
          "id": 14000,
          "amount": 2000000000
        },
		{
          "id": 14001,
          "amount": 2000000000
        },
		{
          "id": 14002,
          "amount": 2000000000
        },
		{
          "id": 14003,
          "amount": 2000000000
        },
		{
          "id": 19333,
          "amount": 2000000000
        },
		{
          "id": 19336,
          "amount": 2000000000
        },
		{
          "id": 19337,
          "amount": 2000000000
        },
		{
          "id": 19338,
          "amount": 2000000000
        },
		{
          "id": 19339,
          "amount": 2000000000
        },
		{
          "id": 19340,
          "amount": 2000000000
        },
        {
          "id": 18719,
          "amount": 2000000000
        },
        {
          "id": 7587,
          "amount": 2000000000
        }
	   ],
	   "currency": -1
	   },
        {
       "id": 90,
       "name": "Vote Shop",
       "items": [
        {
          "id": 15018,
          "amount": 2000000000
        },
        {
          "id": 15019,
          "amount": 2000000000
        },
        {
          "id": 15020,
          "amount": 2000000000
        },
        {
          "id": 15220,
          "amount": 2000000000
        },
        {
          "id": 6570,
          "amount": 2000000000
        },
        {
          "id": 19111,
          "amount": 2000000000
        },
        {
          "id": 11702,
          "amount": 2000000000
        },
        {
          "id": 18353,
          "amount": 2000000000
        },
        {
          "id": 18349,
          "amount": 2000000000
        },
        {
          "id": 18351,
          "amount": 2000000000
        },
        {
          "id": 18355,
          "amount": 2000000000
        },
        {
          "id": 18357,
          "amount": 2000000000
        },
        {
          "id": 14484,
          "amount": 2000000000
        },
        {
          "id": 12926,
          "amount": 2000000000
        },
        {
          "id": 22007,
          "amount": 2000000000
        },
        {
          "id": 4151,
          "amount": 2000000000
        },
        {
          "id": 13754,
          "amount": 2000000000
        },
        {
          "id": 13734,
          "amount": 2000000000
        },
        {
          "id": 13752,
          "amount": 2000000000
        },
        {
          "id": 13746,
          "amount": 2000000000
        },
        {
          "id": 13750,
          "amount": 2000000000
        },
        {
          "id": 13748,
          "amount": 2000000000
        },
        {
          "id": 17273,
          "amount": 2000000000
        },
        {
          "id": 13996,
          "amount": 2000000000
        },
        {
          "id": 11724,
          "amount": 2000000000
        },
        {
          "id": 11726,
          "amount": 2000000000
        },
        {
          "id": 11718,
          "amount": 2000000000
        },
        {
          "id": 11720,
          "amount": 2000000000
        },
        {
          "id": 11722,
          "amount": 2000000000
        },
        {
          "id": 16753,
          "amount": 2000000000
        },
        {
          "id": 17235,
          "amount": 2000000000
        },
        {
          "id": 16863,
          "amount": 2000000000
        },
        {
          "id": 20000,
          "amount": 2000000000
        },
        {
          "id": 20001,
          "amount": 2000000000
        },
        {
          "id": 20002,
          "amount": 2000000000
        },             
        {
          "id": 15332,
          "amount": 2000000000
        },
		{
          "id": 22053,
          "amount": 2000000000
        }
      ],
          "currency": -1
    },
    {
       "id": 91,
       "name": "Ironman Rune Shop",
       "items": 
      [
       {
         "id": 556,
         "amount": 5000
       },
       {
         "id": 558,
         "amount": 5000
       },
       {
         "id": 554,
         "amount": 5000
       },
       {
         "id": 555,
         "amount": 5000
       },
       {
         "id": 557,
         "amount": 5000
       },
       {
         "id": 559,
         "amount": 5000
       },
       {
         "id": 562,
         "amount": 250
       },
       {
         "id": 560,
         "amount": 250
       },
       {
         "id": 561,
         "amount": 250
       },
       {
         "id": 563,
         "amount": 250
       },
       {
         "id": 564,
         "amount": 20
       }
       ],
         "currency": 995
    },
        {
       "id": 92,
       "name": "Ironman Ranged Shop",
       "items": 
      [
       {
         "id": 882,
         "amount": 2000
       },
       {
         "id": 884,
         "amount": 1500
       },
       {
         "id": 886,
         "amount": 1000
       },
       {
         "id": 888,
         "amount": 800
       },
       {
         "id": 890,
         "amount": 600
       },
       {
         "id": 841,
         "amount": 4
       },
       {
         "id": 839,
         "amount": 4
       },
       {
         "id": 843,
         "amount": 3
       },
       {
         "id": 845,
         "amount": 3
       },
       {
         "id": 849,
         "amount": 2
       },
       {
         "id": 847,
         "amount": 2
       },
       {
         "id": 853,
         "amount": 1
       },
       {
         "id": 851,
         "amount": 1
       },
       {
         "id": 837,
         "amount": 2
       }
       ],
         "currency": 995
       },
       {
       "id": 93,
       "name": "Ironman Fishing Shop",
       "items": 
      [
      {
         "id": 303,
         "amount": 2000000000
      },
      {
         "id": 305,
         "amount": 2000000000
      },
      {
         "id": 307,
         "amount": 2000000000
      },
      {
          "id": 309,
          "amount": 2000000000
      },
      {
         "id": 301,
         "amount": 2000000000
      },
      {
         "id": 311,
         "amount": 2000000000
      }
      ],
        "currency": 995
    },
	{
       "id": 94,
       "name": "Ironman Herblore Store",
       "items": [
		{
          "id": 292,
          "amount": 2000000000
        },
        {
          "id": 233,
          "amount": 2000000000
        },
		{
          "id": 228,
          "amount": 2000000000
        },
		{
          "id": 221,
          "amount": 2000000000
        },
		{
          "id": 948,
          "amount": 2000000000
        },
        {
          "id": 223,
          "amount": 2000000000
        },
		{
          "id": 235,
          "amount": 2000000000
        },
		{
          "id": 1975,
          "amount": 2000000000
        },
		{
          "id": 2152,
          "amount": 2000000000
        },
		{
          "id": 9736,
          "amount": 2000000000
        },
		{
          "id": 231,
          "amount": 2000000000
        },
		{
          "id": 12109,
          "amount": 2000000000
        },
		{
          "id": 5004,
          "amount": 2000000000
        },
		{
          "id": 10111,
          "amount": 2000000000
        },
		{
          "id": 11525,
          "amount": 2000000000
        },
		{
          "id": 241,
          "amount": 2000000000
        },
		{
          "id": 239,
          "amount": 2000000000
        },		
		{
          "id": 6049,
          "amount": 2000000000
        },
		{
          "id": 245,
          "amount": 2000000000
        },
		{
          "id": 3138,
          "amount": 2000000000
        },
		{
          "id": 247,
          "amount": 2000000000
        },
		{
          "id": 6693,
          "amount": 2000000000
        },
		{
          "id": 5972,
          "amount": 2000000000
        },
		{
          "id": 4621,
          "amount": 2000000000
        },
		{
          "id": 9594,
          "amount": 2000000000
        },
		{
          "id": 12539,
          "amount": 2000000000
        },
        {
          "id": 225,
          "amount": 2000000000
        }
	   ],
	   "currency": 995
	},
	{
       "id": 95,
       "name": "Ironman Mining Store",
       "items": 
	   [
		{
          "id": 1265,
          "amount": 2000000000
        },
		{
          "id": 2347,
          "amount": 2000000000
        },
		{
          "id": 1759,
          "amount": 2000000000
        },
		{
          "id": 1592,
          "amount": 2000000000
        },
		{
          "id": 1597,
          "amount": 2000000000
        },
		{
          "id": 1595,
          "amount": 2000000000
        }
	   ],
	   "currency": 995
	},   
		{
       "id": 96,
       "name": "Ironman Woodcutting Store",
       "items": 
	   [
		{
          "id": 1351,
          "amount": 2000000000
        },
		{
          "id": 946,
          "amount": 2000000000
        },
		{
          "id": 590,
          "amount": 2000000000
        }
	   ],
	   "currency": 995
	},      
		{
       "id": 97,
       "name": "Ironman Crafting Store",
       "items": 
	   [
		{
          "id": 1755,
          "amount": 2000000000
        },
		{
          "id": 1733,
          "amount": 2000000000
        },
		{
          "id": 1734,
          "amount": 2000000000
        }
	   ],
	   "currency": 995
	},
        {
       "id": 98,
       "name": "Ironman Firemaking Store",
       "items": 
       [
        {
          "id": 590,
          "amount": 2000000000
        }
       ],
       "currency": 995
    }   
]